timeStamp,motor_angle_L_uint16,motor_angle_L_float,motor_angle_R_uint16,motor_angle_R_float,motor_vel_L_int16,motor_vel_L_float,motor_vel_R_int16,motor_vel_R_float,flag_num
1758088943.60442,32709.0,179.67865,41348.0,227.13483,899.0,24.97222,1900.0,52.77778,2.0
1758088943.624,32666.0,179.44243,41419.0,227.52484,836.0,23.22222,1071.0,29.75,2.0
1758088943.62471,32625.0,179.21721,41450.0,227.69513,798.0,22.16667,265.0,7.36111,2.0
1758088943.64234,32580.0,178.97002,41444.0,227.66217,1023.0,28.41667,-283.0,-7.86111,2.0
1758088943.64391,32523.0,178.65691,41419.0,227.52484,1164.0,32.33333,-650.0,-18.05556,2.0
1758088943.65973,32460.0,178.31084,41377.0,227.29413,1307.0,36.30556,-962.0,-26.72222,2.0
1758088943.66052,32391.0,177.93179,41315.0,226.95352,1360.0,37.77778,-1469.0,-40.80556,2.0
1758088943.67666,32323.0,177.55826,41220.0,226.43167,1322.0,36.72222,-2140.0,-59.44444,2.0
1758088943.67965,32258.0,177.20119,41090.0,225.71756,1223.0,33.97222,-2901.0,-80.58334,2.0
1758088943.69475,32201.0,176.88808,40921.0,224.7892,1103.0,30.63889,-3677.0,-102.13889,2.0
1758088943.71317,32149.0,176.60242,40712.0,223.64111,932.0,25.88889,-4497.0,-124.91666,2.0
1758088943.71394,32110.0,176.38818,40462.0,222.26779,632.0,17.55556,-5318.0,-147.72223,2.0
1758088943.73053,32088.0,176.26733,40175.0,220.69124,368.0,10.22222,-5888.0,-163.55556,2.0
1758088943.73117,32067.0,176.15198,39862.0,218.97185,453.0,12.58333,-6415.0,-178.19444,2.0
1758088943.74683,32042.0,176.01465,39521.0,217.09865,592.0,16.44444,-6959.0,-193.30556,2.0
1758088943.74801,32011.0,175.84436,39160.0,215.11559,613.0,17.02778,-7318.0,-203.27777,2.0
1758088943.76442,31979.0,175.66858,38776.0,213.00616,605.0,16.80556,-7630.0,-211.94444,2.0
1758088943.77981,31949.0,175.50378,38397.0,210.92424,620.0,17.22222,-7224.0,-200.66667,2.0
1758088943.78097,31909.0,175.28404,38061.0,209.07852,924.0,25.66667,-6013.0,-167.02777,2.0
1758088943.79583,31854.0,174.98192,37793.0,207.60632,1206.0,33.5,-4738.0,-131.61111,2.0
1758088943.79701,31788.0,174.61935,37583.0,206.45274,1313.0,36.47222,-3779.0,-104.97222,2.0
1758088943.81485,31733.0,174.31723,37404.0,205.46944,802.0,22.27778,-3435.0,-95.41666,2.0
1758088943.83082,31725.0,174.27328,37224.0,204.48065,-373.0,-10.36111,-3687.0,-102.41666,2.0
1758088943.83319,31777.0,174.55893,37022.0,203.37103,-1543.0,-42.86111,-4231.0,-117.52778,2.0
1758088943.85437,31890.0,175.17967,36791.0,202.10208,-2790.0,-77.5,-4783.0,-132.86111,2.0
1758088943.85529,32074.0,176.19043,36539.0,200.71779,-4274.0,-118.72222,-5133.0,-142.58333,2.0
1758088943.87086,32336.0,177.62967,36271.0,199.24561,-5821.0,-161.69444,-5342.0,-148.38889,2.0
1758088943.87291,32675.0,179.49187,35998.0,197.74594,-7375.0,-204.86111,-5317.0,-147.69444,2.0
1758088943.88868,33090.0,181.77156,35738.0,196.3177,-8887.0,-246.86111,-4954.0,-137.61111,2.0
1758088943.88948,33571.0,184.41382,35499.0,195.00481,-10001.0,-277.80554,-4562.0,-126.72222,2.0
1758088943.90488,34107.0,187.3582,35279.0,193.7963,-10929.0,-303.58334,-4211.0,-116.97222,2.0
1758088943.92292,34667.0,190.43442,35082.0,192.71413,-11203.0,-311.19446,-3640.0,-101.11111,2.0
1758088943.92445,35232.0,193.53812,34919.0,191.81871,-10976.0,-304.88889,-2872.0,-79.77778,2.0
1758088943.93984,35779.0,196.54292,34799.0,191.15953,-10678.0,-296.61111,-2004.0,-55.66667,2.0
1758088943.94067,36305.0,199.43237,34722.0,190.73656,-10206.0,-283.5,-1141.0,-31.69444,2.0
1758088943.95947,36812.0,202.21744,34678.0,190.49484,-9853.0,-273.69446,-713.0,-19.80556,2.0
1758088943.96031,37289.0,204.83772,34650.0,190.34103,-9144.0,-254.0,-431.0,-11.97222,2.0
1758088943.97586,37743.0,207.33165,34630.0,190.23117,-8772.0,-243.66667,-382.0,-10.61111,2.0
1758088943.97711,38175.0,209.70474,34606.0,190.09933,-8467.0,-235.19444,-623.0,-17.30556,2.0
1758088943.99322,38602.0,212.05035,34561.0,189.85214,-8389.0,-233.02777,-1133.0,-31.47222,2.0
1758088944.01065,39013.0,214.30807,34486.0,189.44016,-8005.0,-222.36111,-1714.0,-47.61111,2.0
1758088944.01265,39413.0,216.50539,34381.0,188.86334,-7785.0,-216.25,-2363.0,-65.63889,2.0
1758088944.02794,39795.0,218.60379,34247.0,188.12726,-7301.0,-202.80556,-2843.0,-78.97222,2.0
1758088944.02873,40154.0,220.57588,34091.0,187.27031,-6942.0,-192.83333,-3239.0,-89.97222,2.0
1758088944.04477,40489.0,222.41611,33922.0,186.34196,-6182.0,-171.72223,-3434.0,-95.38889,2.0
1758088944.06099,40778.0,224.00366,33744.0,185.36417,-5351.0,-148.63889,-3564.0,-99.0,2.0
1758088944.0618,41020.0,225.33302,33566.0,184.38635,-4311.0,-119.75,-3411.0,-94.75,2.0
1758088944.07946,41204.0,226.34378,33397.0,183.45799,-3129.0,-86.91666,-3246.0,-90.16666,2.0
1758088944.08016,41326.0,227.01395,33244.0,182.61754,-1799.0,-49.97222,-2869.0,-79.69444,2.0
1758088944.09787,41377.0,227.29413,33114.0,181.9034,-440.0,-12.22222,-2355.0,-65.41666,2.0
1758088944.09883,41366.0,227.2337,33007.0,181.31563,594.0,16.5,-1963.0,-54.52778,2.0
1758088944.11501,41317.0,226.96451,32914.0,180.80476,1314.0,36.5,-1703.0,-47.30556,2.0
1758088944.13691,41230.0,226.4866,32832.0,180.35431,1984.0,55.11111,-1608.0,-44.66667,2.0
1758088944.14228,41114.0,225.8494,32753.0,179.92035,2507.0,69.63889,-1567.0,-43.52778,2.0
1758088944.14405,40974.0,225.08034,32669.0,179.45891,2916.0,81.0,-1670.0,-46.38889,2.0
1758088944.19995,40818.0,224.22339,32580.0,178.97002,3200.0,88.88889,-1839.0,-51.08333,2.0
1758088944.20238,40650.0,223.30054,32485.0,178.44817,3418.0,94.94444,-1901.0,-52.80556,2.0
1758088944.20497,40469.0,222.30624,32390.0,177.9263,3672.0,102.0,-1836.0,-51.0,2.0
1758088944.21467,40276.0,221.24605,32300.0,177.4319,3902.0,108.38889,-1716.0,-47.66667,2.0
1758088944.21876,40073.0,220.13094,32219.0,176.98695,4109.0,114.13889,-1478.0,-41.05556,2.0
1758088944.21958,39861.0,218.96635,32151.0,176.6134,4267.0,118.52778,-1236.0,-34.33333,2.0
1758088944.22382,39640.0,217.75235,32096.0,176.31128,4433.0,123.13889,-999.0,-27.75,2.0
1758088944.24902,39409.0,216.48341,32052.0,176.06958,4712.0,130.88889,-720.0,-20.0,2.0
1758088944.25817,39162.0,215.12657,32024.0,175.91577,5043.0,140.08333,-470.0,-13.05556,2.0
1758088944.2594,38899.0,213.68185,32004.0,175.80591,5227.0,145.19444,-288.0,-8.0,2.0
1758088944.26162,38640.0,212.25909,31993.0,175.74548,4956.0,137.66667,-244.0,-6.77778,2.0
1758088944.26244,38404.0,210.96269,31972.0,175.63013,4361.0,121.13889,-531.0,-14.75,2.0
1758088944.27962,38207.0,209.88052,31930.0,175.3994,3484.0,96.77778,-1048.0,-29.11111,2.0
1758088944.28052,38050.0,209.0181,31869.0,175.06432,2837.0,78.80556,-1359.0,-37.75,2.0
1758088944.29693,37918.0,208.29297,31795.0,174.65781,2471.0,68.63889,-1502.0,-41.72222,2.0
1758088944.29774,37793.0,207.60632,31725.0,174.27328,2527.0,70.19444,-1221.0,-33.91667,2.0
1758088944.3141,37656.0,206.85374,31677.0,174.00961,2896.0,80.44444,-695.0,-19.30556,2.0
1758088944.33066,37496.0,205.97481,31670.0,173.97116,3322.0,92.27778,263.0,7.30556,2.0
1758088944.33255,37322.0,205.019,31708.0,174.1799,3442.0,95.61111,1122.0,31.16667,2.0
1758088944.34814,37155.0,204.10162,31788.0,174.61935,3192.0,88.66666,1973.0,54.80556,2.0
1758088944.34891,36999.0,203.24469,31912.0,175.30052,3001.0,83.36111,2819.0,78.30556,2.0
1758088944.36488,36846.0,202.40421,32078.0,176.2124,3079.0,85.52778,3647.0,101.30556,2.0
1758088944.3811,36681.0,201.49782,32286.0,177.355,3376.0,93.77778,4522.0,125.61111,2.0
1758088944.38191,36501.0,200.50905,32542.0,178.76128,3654.0,101.5,5486.0,152.38889,2.0
1758088944.40033,36310.0,199.45984,32846.0,180.43121,3841.0,106.69444,6431.0,178.63889,2.0
1758088944.40111,36115.0,198.38864,33199.0,182.37035,3814.0,105.94444,7431.0,206.41667,2.0
1758088944.42427,35926.0,197.35042,33601.0,184.57861,3614.0,100.38889,8239.0,228.86111,2.0
1758088944.42751,35754.0,196.40559,34035.0,186.96269,3153.0,87.58334,8803.0,244.52777,2.0
1758088944.4293,35615.0,195.64201,34500.0,189.51706,2460.0,68.33334,9354.0,259.83334,2.0
1758088944.44596,35511.0,195.07072,34980.0,192.15382,1724.0,47.88889,9580.0,266.11111,2.0
1758088944.44721,35442.0,194.69168,35474.0,194.86748,1116.0,31.0,9801.0,272.25,2.0
1758088944.46318,35399.0,194.45547,35978.0,197.63608,655.0,18.19444,9953.0,276.47223,2.0
1758088944.47999,35377.0,194.33463,36483.0,200.41017,339.0,9.41667,9957.0,276.58334,2.0
1758088944.4808,35366.0,194.2742,36984.0,203.16226,141.0,3.91667,9912.0,275.33334,2.0
1758088944.49616,35359.0,194.23575,37480.0,205.88692,171.0,4.75,9631.0,267.52777,2.0
1758088944.49745,35346.0,194.16434,37968.0,208.56763,335.0,9.30556,9592.0,266.44446,2.0
1758088944.51322,35321.0,194.02701,38445.0,211.18791,609.0,16.91667,9218.0,256.05554,2.0
1758088944.52923,35282.0,193.81277,38902.0,213.69833,825.0,22.91667,8871.0,246.41667,2.0
1758088944.53,35235.0,193.5546,39333.0,216.06593,1026.0,28.5,8191.0,227.52777,2.0
1758088944.54523,35176.0,193.23048,39733.0,218.26321,1286.0,35.72222,7610.0,211.38889,2.0
1758088944.56372,35105.0,192.84047,40098.0,220.26826,1470.0,40.83333,6803.0,188.97223,2.0
1758088944.56448,35025.0,192.40102,40415.0,222.00961,1636.0,45.44444,5875.0,163.19444,2.0
1758088944.58026,34940.0,191.93407,40687.0,223.50378,1748.0,48.55556,4967.0,137.97223,2.0
1758088944.58225,34849.0,191.43419,40909.0,224.72328,1859.0,51.63889,3939.0,109.41666,2.0
1758088944.59888,34749.0,190.88487,41078.0,225.65163,2045.0,56.80556,2864.0,79.55556,2.0
1758088944.59966,34644.0,190.30807,41189.0,226.26138,2112.0,58.66667,1687.0,46.86111,2.0
1758088944.61527,34537.0,189.72031,41238.0,226.53055,2174.0,60.38889,495.0,13.75,2.0
1758088944.63287,34428.0,189.12152,41236.0,226.51956,2115.0,58.75,-268.0,-7.44444,2.0
1758088944.63371,34323.0,188.54474,41210.0,226.37674,2029.0,56.36111,-750.0,-20.83333,2.0
1758088944.64929,34222.0,187.98993,41151.0,226.05264,1948.0,54.11111,-1470.0,-40.83333,2.0
1758088944.65014,34128.0,187.47356,41058.0,225.54176,1793.0,49.80556,-2130.0,-59.16667,2.0
1758088944.66529,34042.0,187.00114,40927.0,224.82216,1647.0,45.75,-2864.0,-79.55556,2.0
1758088944.68217,33961.0,186.5562,40761.0,223.91028,1562.0,43.38889,-3609.0,-100.25,2.0
1758088944.68351,33884.0,186.13321,40557.0,222.78964,1526.0,42.38889,-4324.0,-120.11111,2.0
1758088944.69833,33807.0,185.71024,40318.0,221.47676,1516.0,42.11111,-4951.0,-137.52777,2.0
1758088944.69909,33728.0,185.27628,40050.0,220.00456,1603.0,44.52778,-5572.0,-154.77777,2.0
1758088944.71425,33647.0,184.8313,39751.0,218.36209,1578.0,43.83333,-6165.0,-171.25,2.0
1758088944.73031,33568.0,184.39734,39426.0,216.5768,1516.0,42.11111,-6560.0,-182.22223,2.0
1758088944.73094,33496.0,184.00183,39081.0,214.68163,1353.0,37.58333,-7055.0,-195.97223,2.0
1758088944.7496,33433.0,183.65576,38707.0,212.62714,1144.0,31.77778,-7676.0,-213.22223,2.0
1758088944.75033,33382.0,183.3756,38307.0,210.42986,850.0,23.61111,-7991.0,-221.97223,2.0
1758088944.76879,33350.0,183.19981,37893.0,208.15564,493.0,13.69444,-8258.0,-229.38889,2.0
1758088944.76961,33343.0,183.16136,37469.0,205.82649,-122.0,-3.38889,-8432.0,-234.22223,2.0
1758088944.7854,33368.0,183.29869,37045.0,203.49738,-728.0,-20.22222,-8381.0,-232.80556,2.0
1758088944.8014,33430.0,183.63928,36623.0,201.17921,-1658.0,-46.05556,-8091.0,-224.75,2.0
1758088944.80472,33547.0,184.28198,36226.0,198.99841,-2790.0,-77.5,-7679.0,-213.30556,2.0
1758088944.8204,33718.0,185.22134,35848.0,196.92195,-3817.0,-106.02778,-7217.0,-200.47223,2.0
1758088944.82114,33938.0,186.42986,35501.0,195.01579,-4708.0,-130.77777,-6657.0,-184.91667,2.0
1758088944.83719,34201.0,187.87457,35176.0,193.23048,-5579.0,-154.97223,-6220.0,-172.77777,2.0
1758088944.84007,34510.0,189.57199,34878.0,191.59349,-6496.0,-180.44444,-5574.0,-154.83333,2.0
1758088944.85538,34865.0,191.52208,34617.0,190.15976,-7376.0,-204.88889,-4831.0,-134.19444,2.0
1758088944.85744,35254.0,193.65897,34397.0,188.95123,-7833.0,-217.58333,-3963.0,-110.08334,2.0
1758088944.8734,35667.0,195.92766,34223.0,187.99542,-8383.0,-232.86111,-2980.0,-82.77778,2.0
1758088944.88948,36096.0,198.28427,34100.0,187.31975,-8513.0,-236.47223,-2028.0,-56.33333,2.0
1758088944.89025,36529.0,200.66286,34022.0,186.89128,-8678.0,-241.05556,-1198.0,-33.27778,2.0
1758088944.90541,36964.0,203.0524,33981.0,186.66606,-8472.0,-235.33333,-546.0,-15.16667,2.0
1758088944.92394,37386.0,205.37056,33973.0,186.62212,-8335.0,-231.52777,65.0,1.80556,2.0
1758088944.92462,37807.0,207.68323,33977.0,186.64409,-8222.0,-228.38889,47.0,1.30556,2.0
1758088944.94048,38220.0,209.95193,33977.0,186.64409,-8119.0,-225.52777,-11.0,-0.30556,2.0
1758088944.94208,38630.0,212.20416,33975.0,186.6331,-7997.0,-222.13889,-36.0,-1.0,2.0
1758088944.95752,39022.0,214.35751,33972.0,186.61662,-7622.0,-211.72223,-102.0,-2.83333,2.0
1758088944.96025,39400.0,216.43398,33960.0,186.5507,-7349.0,-204.13889,-351.0,-9.75,2.0
1758088944.97568,39761.0,218.41702,33935.0,186.41338,-6908.0,-191.88889,-647.0,-17.97222,2.0
1758088944.99234,40096.0,220.25728,33890.0,186.16617,-6457.0,-179.36111,-1049.0,-29.13889,2.0
1758088944.99313,40404.0,221.94919,33834.0,185.85855,-5697.0,-158.25,-1120.0,-31.11111,2.0
1758088945.0093,40660.0,223.35547,33776.0,185.53995,-4616.0,-128.22223,-1192.0,-33.11111,2.0
1758088945.01011,40859.0,224.44862,33716.0,185.21036,-3439.0,-95.52778,-1155.0,-32.08333,2.0
1758088945.02555,40996.0,225.20119,33661.0,184.9082,-2134.0,-59.27778,-1014.0,-28.16667,2.0
1758088945.04155,41064.0,225.57472,33611.0,184.63354,-768.0,-21.33333,-971.0,-26.97222,2.0
1758088945.0424,41063.0,225.56923,33568.0,184.39734,523.0,14.52778,-819.0,-22.75,2.0
1758088945.05918,41013.0,225.29457,33525.0,184.16113,1374.0,38.16667,-911.0,-25.30556,2.0
1758088945.06043,40921.0,224.7892,33476.0,183.89197,2109.0,58.58333,-1019.0,-28.30556,2.0
1758088945.07552,40794.0,224.09155,33424.0,183.60632,2796.0,77.66666,-1040.0,-28.88889,2.0
1758088945.09237,40634.0,223.21265,33368.0,183.29869,3441.0,95.58334,-1161.0,-32.25,2.0
1758088945.09312,40439.0,222.14145,33312.0,182.99107,4128.0,114.66666,-1053.0,-29.25,2.0
1758088945.10935,40211.0,220.88899,33264.0,182.7274,4739.0,131.63889,-893.0,-24.80556,2.0
1758088945.11015,39956.0,219.4882,33223.0,182.50218,5229.0,145.25,-747.0,-20.75,2.0
1758088945.1256,39676.0,217.9501,33194.0,182.34288,5753.0,159.80556,-474.0,-13.16667,2.0
1758088945.1416,39371.0,216.27467,33179.0,182.26048,6263.0,173.97223,-176.0,-4.88889,2.0
1758088945.14235,39045.0,214.48387,33178.0,182.25499,6503.0,180.63889,10.0,0.27778,2.0
1758088945.15761,38708.0,212.63263,33175.0,182.23851,6861.0,190.58333,-144.0,-4.0,2.0
1758088945.16048,38346.0,210.64409,33162.0,182.1671,7296.0,202.66667,-313.0,-8.69444,2.0
1758088945.17672,37979.0,208.62805,33138.0,182.03523,7025.0,195.13889,-597.0,-16.58333,2.0
1758088945.17763,37640.0,206.76585,33095.0,181.79903,6466.0,179.61111,-1015.0,-28.19444,2.0
1758088945.19444,37334.0,205.08492,33033.0,181.45845,5716.0,158.77777,-1410.0,-39.16667,2.0
1758088945.21303,37068.0,203.62372,32947.0,180.98604,4907.0,136.30556,-1869.0,-51.91667,2.0
1758088945.21364,36835.0,202.34378,32848.0,180.4422,4385.0,121.80556,-2055.0,-57.08333,2.0
1758088945.22957,36627.0,201.20119,32750.0,179.90387,3809.0,105.80556,-1786.0,-49.61111,2.0
1758088945.23026,36456.0,200.26184,32675.0,179.49187,3062.0,85.05556,-1117.0,-31.02778,2.0
1758088945.24646,36323.0,199.53125,32649.0,179.34904,2314.0,64.27778,-24.0,-0.66667,2.0
1758088945.24768,36222.0,198.97641,32678.0,179.50835,1835.0,50.97222,1013.0,28.13889,2.0
1758088945.26445,36135.0,198.4985,32762.0,179.96979,1697.0,47.13889,2108.0,58.55556,2.0
1758088945.27036,36039.0,197.97116,32903.0,180.74434,2076.0,57.66667,3283.0,91.19444,2.0
1758088945.28991,35919.0,197.31197,33107.0,181.86494,2614.0,72.61111,4564.0,126.77778,2.0
1758088945.29314,35771.0,196.49898,33378.0,183.35362,3155.0,87.63889,5907.0,164.08333,2.0
1758088945.31059,35600.0,195.55962,33716.0,185.21036,3560.0,98.88889,7241.0,201.13889,2.0
1758088945.31101,35414.0,194.53787,34118.0,187.41862,3723.0,103.41666,8571.0,238.08333,2.0
1758088945.32908,35225.0,193.49966,34591.0,190.01694,3669.0,101.91666,9882.0,274.5,2.0
1758088945.32981,35045.0,192.51088,35126.0,192.95583,3459.0,96.08334,11145.0,309.58334,2.0
1758088945.34651,34880.0,191.60448,35716.0,196.19685,3104.0,86.22222,11944.0,331.77777,2.0
1758088945.34743,34738.0,190.82445,36338.0,199.61365,2508.0,69.66666,12357.0,343.25,2.0
1758088945.36263,34633.0,190.24765,36955.0,203.00296,1688.0,46.88889,12120.0,336.66666,2.0
1758088945.37873,34580.0,189.95651,37547.0,206.25499,592.0,16.44444,11366.0,315.72223,2.0
1758088945.3795,34575.0,189.92905,38110.0,209.34769,-195.0,-5.41667,10896.0,302.66666,2.0
1758088945.39483,34594.0,190.03342,38635.0,212.23163,-484.0,-13.44444,10053.0,279.25,2.0
1758088945.41047,34625.0,190.2037,39128.0,214.9398,-705.0,-19.58333,9377.0,260.47223,2.0
1758088945.41293,34658.0,190.38498,39582.0,217.43375,-581.0,-16.13889,8765.0,243.47223,2.0
1758088945.4288,34678.0,190.49484,40014.0,219.80681,-237.0,-6.58333,8311.0,230.86111,2.0
1758088945.42953,34678.0,190.49484,40422.0,222.04807,162.0,4.5,7870.0,218.61111,2.0
1758088945.44475,34660.0,190.39597,40812.0,224.19043,537.0,14.91667,7547.0,209.63889,2.0
1758088945.4601,34621.0,190.18173,41179.0,226.20645,925.0,25.69444,7066.0,196.27777,2.0
1758088945.46217,34565.0,189.87411,41527.0,228.1181,1263.0,35.08333,6705.0,186.25,2.0
1758088945.48021,34496.0,189.49509,41849.0,229.88692,1409.0,39.13889,5914.0,164.27777,2.0
1758088945.4819,34425.0,189.10504,42121.0,231.3811,1401.0,38.91667,5013.0,139.25,2.0
1758088945.49786,34358.0,188.737,42344.0,232.60608,1199.0,33.30556,3948.0,109.66666,2.0
1758088945.49857,34306.0,188.45135,42506.0,233.49599,905.0,25.13889,2636.0,73.22222,2.0
1758088945.51384,34268.0,188.24261,42601.0,234.01784,637.0,17.69444,1292.0,35.88889,2.0
1758088945.52981,34244.0,188.11078,42630.0,234.17717,377.0,10.47222,44.0,1.22222,2.0
1758088945.53056,34231.0,188.03937,42615.0,234.09474,151.0,4.19444,-442.0,-12.27778,2.0
1758088945.54682,34227.0,188.0174,42582.0,233.91347,50.0,1.38889,-795.0,-22.08333,2.0
1758088945.54855,34224.0,188.00092,42533.0,233.6443,100.0,2.77778,-1039.0,-28.86111,2.0
1758088945.56382,34215.0,187.95148,42470.0,233.29823,266.0,7.38889,-1448.0,-40.22222,2.0
1758088945.57977,34197.0,187.8526,42388.0,232.84779,394.0,10.94444,-1777.0,-49.36111,2.0
1758088945.58059,34175.0,187.73174,42282.0,232.2655,467.0,12.97222,-2314.0,-64.27778,2.0
1758088945.59944,34152.0,187.60539,42148.0,231.52942,422.0,11.72222,-2893.0,-80.36111,2.0
1758088945.60022,34133.0,187.50102,41983.0,230.62303,350.0,9.72222,-3544.0,-98.44444,2.0
1758088945.61585,34118.0,187.41862,41782.0,229.51888,292.0,8.11111,-4285.0,-119.02778,2.0
1758088945.6317,34101.0,187.32524,41546.0,228.22247,325.0,9.02778,-4927.0,-136.86111,2.0
1758088945.63213,34081.0,187.21538,41284.0,226.78323,432.0,12.0,-5295.0,-147.08333,2.0
1758088945.64951,34053.0,187.06157,41007.0,225.26161,663.0,18.41667,-5613.0,-155.91667,2.0
1758088945.65033,34007.0,186.80888,40708.0,223.61914,1062.0,29.5,-6160.0,-171.11111,2.0
1758088945.66598,33946.0,186.4738,40383.0,221.83383,1326.0,36.83333,-6584.0,-182.88889,2.0
1758088945.68212,33872.0,186.06729,40036.0,219.92766,1607.0,44.63889,-7085.0,-196.80556,2.0
1758088945.68288,33785.0,185.58939,39667.0,217.90067,1821.0,50.58333,-7416.0,-206.0,2.0
1758088945.69893,33682.0,185.02359,39294.0,215.85167,2180.0,60.55556,-7259.0,-201.63889,2.0
1758088945.69971,33557.0,184.33691,38937.0,213.89059,2704.0,75.11111,-6899.0,-191.63889,2.0
1758088945.71483,33403.0,183.49095,38599.0,212.03387,3323.0,92.30556,-6483.0,-180.08333,2.0
1758088945.73297,33216.0,182.46373,38287.0,210.31999,3929.0,109.13889,-5950.0,-165.27777,2.0
1758088945.73354,33002.0,181.28816,38000.0,208.74341,4432.0,123.11111,-5428.0,-150.77777,2.0
1758088945.74974,32768.0,180.00275,37757.0,207.40855,4656.0,129.33333,-4271.0,-118.63889,2.0
1758088945.75217,32532.0,178.70634,37583.0,206.45274,4638.0,128.83333,-2838.0,-78.83334,2.0
1758088945.7703,32305.0,177.45937,37465.0,205.80452,4310.0,119.72222,-2015.0,-55.97222,2.0
1758088945.77192,32107.0,176.3717,37369.0,205.27718,3522.0,97.83334,-1922.0,-53.38889,2.0
1758088945.78799,31966.0,175.59717,37264.0,204.70039,2181.0,60.58333,-2255.0,-62.63889,2.0
1758088945.78875,31902.0,175.24559,37135.0,203.99176,558.0,15.5,-2856.0,-79.33334,2.0
1758088945.80475,31919.0,175.33897,36966.0,203.06339,-983.0,-27.30556,-3601.0,-100.02778,2.0
1758088945.82382,32011.0,175.84436,36762.0,201.94278,-2448.0,-68.0,-4287.0,-119.08334,2.0
1758088945.82431,32180.0,176.77271,36531.0,200.67384,-4019.0,-111.63889,-4732.0,-131.44444,2.0
1758088945.83997,32425.0,178.11856,36283.0,199.31152,-5458.0,-151.61111,-4930.0,-136.94444,2.0
1758088945.84242,32739.0,179.84344,36030.0,197.92172,-6729.0,-186.91667,-4950.0,-137.5,2.0
1758088945.85881,33107.0,181.86494,35785.0,196.57588,-7596.0,-211.0,-4688.0,-130.22223,2.0
1758088945.85962,33494.0,183.99084,35560.0,195.33989,-7684.0,-213.44444,-4228.0,-117.44444,2.0
1758088945.87504,33889.0,186.16068,35362.0,194.25223,-7811.0,-216.97223,-3611.0,-100.30556,2.0
1758088945.87702,34281.0,188.31403,35200.0,193.36234,-7643.0,-212.30556,-2843.0,-78.97222,2.0
1758088945.895,34662.0,190.40695,35081.0,192.70863,-7520.0,-208.88889,-2030.0,-56.38889,2.0
1758088945.8972,35037.0,192.46693,34998.0,192.2527,-7246.0,-201.27777,-1326.0,-36.83333,2.0
1758088945.91302,35397.0,194.44449,34944.0,191.95607,-7105.0,-197.36111,-901.0,-25.02778,2.0
1758088945.92903,35759.0,196.43306,34904.0,191.73631,-7190.0,-199.72223,-704.0,-19.55556,2.0
1758088945.92991,36127.0,198.45456,34871.0,191.55504,-7335.0,-203.75,-622.0,-17.27778,2.0
1758088945.94505,36507.0,200.54201,34837.0,191.36827,-7706.0,-214.05556,-750.0,-20.83333,2.0
1758088945.95029,36902.0,202.71182,34790.0,191.11009,-7795.0,-216.52777,-1026.0,-28.5,2.0
1758088945.9676,37298.0,204.88716,34733.0,190.79698,-7815.0,-217.08333,-1195.0,-33.19444,2.0
1758088945.96828,37697.0,207.07896,34668.0,190.43991,-7842.0,-217.83333,-1385.0,-38.47222,2.0
1758088945.98489,38080.0,209.18289,34597.0,190.0499,-7422.0,-206.16667,-1415.0,-39.30556,2.0
1758088945.98618,38445.0,211.18791,34523.0,189.6434,-7000.0,-194.44444,-1504.0,-41.77778,2.0
1758088946.00368,38782.0,213.03912,34450.0,189.2424,-6346.0,-176.27777,-1433.0,-39.80556,2.0
1758088946.01916,39082.0,214.68712,34376.0,188.83588,-5670.0,-157.5,-1481.0,-41.13889,2.0
1758088946.02031,39353.0,216.1758,34302.0,188.42938,-5109.0,-141.91667,-1476.0,-41.0,2.0
1758088946.03572,39596.0,217.51065,34225.0,188.00641,-4532.0,-125.88889,-1542.0,-42.83333,2.0
1758088946.03904,39810.0,218.6862,34142.0,187.55046,-4020.0,-111.66666,-1729.0,-48.02778,2.0
1758088946.05413,40005.0,219.75737,34051.0,187.05058,-3695.0,-102.63889,-1851.0,-51.41667,2.0
1758088946.07018,40184.0,220.74068,33953.0,186.51225,-3402.0,-94.5,-2013.0,-55.91667,2.0
1758088946.07246,40342.0,221.60861,33849.0,185.94095,-2907.0,-80.75,-2035.0,-56.52778,2.0
1758088946.09056,40476.0,222.3447,33747.0,185.38065,-2381.0,-66.13889,-2050.0,-56.94444,2.0
1758088946.09134,40578.0,222.90503,33647.0,184.8313,-1732.0,-48.11111,-1916.0,-53.22222,2.0
1758088946.10814,40647.0,223.28406,33557.0,184.33691,-1058.0,-29.38889,-1661.0,-46.13889,2.0
1758088946.10901,40678.0,223.45435,33478.0,183.90295,-310.0,-8.61111,-1474.0,-40.94444,2.0
1758088946.12502,40675.0,223.43787,33412.0,183.54041,235.0,6.52778,-1190.0,-33.05556,2.0
1758088946.12705,40654.0,223.32251,33355.0,183.22728,596.0,16.55556,-1066.0,-29.61111,2.0
1758088946.14322,40613.0,223.09729,33305.0,182.95262,953.0,26.47222,-938.0,-26.05556,2.0
1758088946.16002,40557.0,222.78964,33260.0,182.70543,1227.0,34.08333,-906.0,-25.16667,2.0
1758088946.16111,40484.0,222.38864,33214.0,182.45274,1614.0,44.83333,-895.0,-24.86111,2.0
1758088946.17816,40391.0,221.87778,33171.0,182.21654,2023.0,56.19444,-799.0,-22.19444,2.0
1758088946.17895,40275.0,221.24055,33131.0,181.99678,2443.0,67.86111,-763.0,-21.19444,2.0
1758088946.19415,40137.0,220.4825,33094.0,181.79353,2935.0,81.52778,-706.0,-19.61111,2.0
1758088946.2102,39976.0,219.59807,33062.0,181.61775,3337.0,92.69444,-510.0,-14.16667,2.0
1758088946.21102,39796.0,218.60928,33043.0,181.51338,3713.0,103.13889,-250.0,-6.94444,2.0
1758088946.227,39594.0,217.49966,33041.0,181.5024,4180.0,116.11111,124.0,3.44444,2.0
1758088946.22817,39368.0,216.25819,33050.0,181.55183,4665.0,129.58333,232.0,6.44444,2.0
1758088946.24319,39121.0,214.90135,33068.0,181.65071,5038.0,139.94444,473.0,13.13889,2.0
1758088946.26026,38855.0,213.44016,33099.0,181.821,5407.0,150.19444,647.0,17.97222,2.0
1758088946.26105,38566.0,211.8526,33130.0,181.99129,5945.0,165.13889,479.0,13.30556,2.0
1758088946.2763,38251.0,210.12222,33141.0,182.05171,6366.0,176.83333,59.0,1.63889,2.0
1758088946.27713,37939.0,208.40833,33136.0,182.02425,5935.0,164.86111,-243.0,-6.75,2.0
1758088946.29317,37655.0,206.84825,33112.0,181.89241,5288.0,146.88889,-655.0,-18.19444,2.0
1758088946.30929,37417.0,205.54085,33064.0,181.62874,4226.0,117.38889,-1171.0,-32.52778,2.0
1758088946.31011,37235.0,204.54108,32988.0,181.21126,3110.0,86.38889,-1820.0,-50.55556,2.0
1758088946.32522,37104.0,203.82147,32881.0,180.62347,2228.0,61.88889,-2325.0,-64.58334,2.0
1758088946.32649,37012.0,203.3161,32750.0,179.90387,1580.0,43.88889,-2695.0,-74.86111,2.0
1758088946.3423,36941.0,202.92606,32612.0,179.1458,1268.0,35.22222,-2714.0,-75.38889,2.0
1758088946.35915,36876.0,202.569,32481.0,178.42619,1355.0,37.63889,-2423.0,-67.30556,2.0
1758088946.35991,36797.0,202.13504,32374.0,177.83841,1733.0,48.13889,-1822.0,-50.61111,2.0
1758088946.37534,36688.0,201.53627,32301.0,177.43739,2457.0,68.25,-1095.0,-30.41667,2.0
1758088946.3766,36540.0,200.72328,32272.0,177.27809,3323.0,92.30556,-157.0,-4.36111,2.0
1758088946.39236,36343.0,199.64111,32284.0,177.34401,4315.0,119.86111,474.0,13.16667,2.0
1758088946.40837,36095.0,198.27878,32321.0,177.54727,5298.0,147.16667,960.0,26.66667,2.0
1758088946.40953,35792.0,196.61433,32382.0,177.88235,6359.0,176.63889,1379.0,38.30556,2.0
1758088946.42439,35451.0,194.74112,32469.0,178.36028,6936.0,192.66667,1991.0,55.30556,2.0
1758088946.44039,35099.0,192.80751,32585.0,178.99748,6836.0,189.88889,2528.0,70.22222,2.0
1758088946.44123,34779.0,191.04967,32722.0,179.75006,5811.0,161.41667,2841.0,78.91666,2.0
1758088946.45714,34523.0,189.6434,32866.0,180.54108,4494.0,124.83334,2851.0,79.19444,2.0
1758088946.45782,34326.0,188.56122,33013.0,181.34859,3475.0,96.52778,3000.0,83.33334,2.0
1758088946.47501,34166.0,187.6823,33177.0,182.2495,2956.0,82.11111,3487.0,96.86111,2.0
1758088946.49047,34025.0,186.90776,33380.0,183.36461,2702.0,75.05556,4309.0,119.69444,2.0
1758088946.49161,33892.0,186.17715,33625.0,184.71045,2555.0,70.97222,5253.0,145.91667,2.0
1758088946.50646,33766.0,185.48502,33920.0,186.33098,2447.0,67.97222,6259.0,173.86111,2.0
1758088946.50724,33648.0,184.83679,34265.0,188.22614,2185.0,60.69444,7222.0,200.61111,2.0
1758088946.52246,33546.0,184.27649,34657.0,190.37949,1826.0,50.72222,8088.0,224.66667,2.0
1758088946.53922,33466.0,183.83704,35087.0,192.74159,1380.0,38.33333,8894.0,247.05556,2.0
1758088946.54008,33417.0,183.56787,35553.0,195.30144,656.0,18.22222,9457.0,262.69446,2.0
1758088946.55548,33403.0,183.49095,36046.0,198.00961,-5.0,-0.13889,10038.0,278.83334,2.0
1758088946.55675,33406.0,183.50743,36562.0,200.84413,-38.0,-1.05556,10213.0,283.69446,2.0
1758088946.5725,33407.0,183.51292,37085.0,203.7171,-10.0,-0.27778,10354.0,287.61111,2.0
1758088946.5893,33407.0,183.51292,37599.0,206.54063,0.0,0.0,9999.0,277.75,2.0
1758088946.59009,33407.0,183.51292,38095.0,209.26529,0.0,0.0,9612.0,267.0,2.0
1758088946.6055,33407.0,183.51292,38555.0,211.79218,0.0,0.0,8718.0,242.16667,2.0
1758088946.60675,33407.0,183.51292,38975.0,214.09933,0.0,0.0,7967.0,221.30556,2.0
1758088946.62249,33407.0,183.51292,39346.0,216.13734,14.0,0.38889,6911.0,191.97223,2.0
1758088946.63932,33405.0,183.50194,39674.0,217.93912,52.0,1.44444,6166.0,171.27777,2.0
1758088946.64048,33404.0,183.49644,39958.0,219.49919,14.0,0.38889,5152.0,143.11111,2.0
1758088946.65562,33401.0,183.47997,40192.0,220.78462,117.0,3.25,4233.0,117.58334,2.0
1758088946.65676,33392.0,183.43053,40384.0,221.83932,239.0,6.63889,3429.0,95.25,2.0
1758088946.67253,33374.0,183.33165,40534.0,222.6633,436.0,12.11111,2623.0,72.86111,2.0
1758088946.68935,33345.0,183.17235,40640.0,223.24561,662.0,18.38889,1734.0,48.16667,2.0
1758088946.69016,33310.0,182.98009,40700.0,223.5752,698.0,19.38889,755.0,20.97222,2.0
1758088946.70563,33271.0,182.76585,40712.0,223.64111,846.0,23.5,-89.0,-2.47222,2.0
1758088946.70722,33223.0,182.50218,40702.0,223.58618,1038.0,28.83333,-284.0,-7.88889,2.0
1758088946.72298,33168.0,182.20006,40677.0,223.44885,1088.0,30.22222,-658.0,-18.27778,2.0
1758088946.73903,33112.0,181.89241,40629.0,223.18518,1128.0,31.33333,-1172.0,-32.55556,2.0
1758088946.73943,33057.0,181.59029,40552.0,222.76218,1015.0,28.19444,-1775.0,-49.30556,2.0
1758088946.75461,33011.0,181.3376,40441.0,222.15244,790.0,21.94444,-2504.0,-69.55556,2.0
1758088946.77061,32975.0,181.13985,40293.0,221.33943,679.0,18.86111,-3231.0,-89.75,2.0
1758088946.77188,32944.0,180.96956,40110.0,220.33418,567.0,15.75,-3904.0,-108.44444,2.0
1758088946.78662,32923.0,180.8542,39894.0,219.14763,285.0,7.91667,-4534.0,-125.94444,2.0
1758088946.78735,32917.0,180.82124,39647.0,217.7908,0.0,0.0,-5112.0,-142.0,2.0
1758088946.80264,32921.0,180.84322,39375.0,216.29665,-107.0,-2.97222,-5529.0,-153.58333,2.0
1758088946.8187,32922.0,180.84871,39086.0,214.70909,74.0,2.05556,-5879.0,-163.30556,2.0
1758088946.81928,32913.0,180.79927,38773.0,212.98969,255.0,7.08333,-6266.0,-174.05556,2.0
1758088946.83469,32892.0,180.6839,38441.0,211.16594,576.0,16.0,-6751.0,-187.52777,2.0
1758088946.85068,32858.0,180.49713,38087.0,209.22134,752.0,20.88889,-7132.0,-198.11111,2.0
1758088946.85145,32815.0,180.26093,37716.0,207.18333,901.0,25.02778,-7446.0,-206.83333,2.0
1758088946.86708,32769.0,180.00824,37345.0,205.14534,909.0,25.25,-7230.0,-200.83333,2.0
1758088946.86746,32716.0,179.7171,36983.0,203.15677,1170.0,32.5,-6986.0,-194.05556,2.0
1758088946.88268,32652.0,179.36552,36652.0,201.33852,1333.0,37.02778,-6096.0,-169.33333,2.0
1758088946.89868,32581.0,178.97551,36377.0,199.82788,1468.0,40.77778,-4912.0,-136.44444,2.0
1758088946.89951,32513.0,178.60197,36160.0,198.63583,1212.0,33.66667,-3856.0,-107.11111,2.0
1758088946.91471,32470.0,178.36577,35988.0,197.69101,478.0,13.27778,-3181.0,-88.36111,2.0
1758088946.93066,32475.0,178.39323,35833.0,196.83955,-542.0,-15.05556,-3034.0,-84.27778,2.0
1758088946.93132,32538.0,178.7393,35672.0,195.95512,-1774.0,-49.27778,-3339.0,-92.75,2.0
1758088946.94676,32667.0,179.44792,35489.0,194.94987,-3168.0,-88.0,-3855.0,-107.08334,2.0
1758088946.94835,32871.0,180.56854,35277.0,193.78531,-4736.0,-131.55556,-4500.0,-125.0,2.0
1758088946.96376,33155.0,182.12865,35034.0,192.45045,-6285.0,-174.58333,-5040.0,-140.0,2.0
1758088946.97977,33511.0,184.08423,34773.0,191.01671,-7621.0,-211.69444,-5246.0,-145.72223,2.0
1758088946.98054,33941.0,186.44633,34508.0,189.561,-9097.0,-252.69444,-5261.0,-146.13889,2.0
1758088946.99682,34435.0,189.16,34245.0,188.11627,-10164.0,-282.33334,-5101.0,-141.69444,2.0
1758088946.99964,34972.0,192.10988,33999.0,186.76494,-10858.0,-301.61111,-4616.0,-128.22223,2.0
1758088947.01475,35514.0,195.0872,33786.0,185.59488,-10650.0,-295.83334,-3822.0,-106.16666,2.0
1758088947.03078,36048.0,198.0206,33618.0,184.672,-10299.0,-286.08334,-2897.0,-80.47222,2.0
1758088947.03185,36555.0,200.80568,33504.0,184.04578,-9888.0,-274.66666,-1792.0,-49.77778,2.0
1758088947.04679,37033.0,203.43146,33441.0,183.69971,-9065.0,-251.80556,-803.0,-22.30556,2.0
1758088947.04754,37474.0,205.85396,33422.0,183.59534,-8553.0,-237.58333,-144.0,-4.0,2.0
1758088947.06279,37891.0,208.14465,33422.0,183.59534,-8032.0,-223.11111,0.0,0.0,2.0
1758088947.0796,38287.0,210.31999,33420.0,183.58435,-7771.0,-215.86111,-66.0,-1.83333,2.0
1758088947.08041,38677.0,212.46234,33410.0,183.52942,-7550.0,-209.72223,-339.0,-9.41667,2.0
1758088947.09582,39056.0,214.5443,33376.0,183.34264,-7336.0,-203.77777,-937.0,-26.02778,2.0
1758088947.09703,39424.0,216.56581,33315.0,183.00755,-7210.0,-200.27777,-1409.0,-39.13889,2.0
1758088947.11279,39777.0,218.50491,33228.0,182.52965,-6795.0,-188.75,-1950.0,-54.16667,2.0
1758088947.12927,40105.0,220.30672,33125.0,181.96382,-6203.0,-172.30556,-2069.0,-57.47222,2.0
1758088947.12968,40397.0,221.91074,33018.0,181.37605,-5390.0,-149.72223,-2123.0,-58.97222,2.0
1758088947.14483,40633.0,223.20715,32915.0,180.81026,-4121.0,-114.47222,-1944.0,-54.0,2.0
1758088947.16084,40802.0,224.1355,32827.0,180.32684,-2769.0,-76.91666,-1593.0,-44.25,2.0
1758088947.1617,40901.0,224.67934,32760.0,179.9588,-1351.0,-37.52778,-1103.0,-30.63889,2.0
1758088947.1768,40929.0,224.83315,32715.0,179.71161,17.0,0.47222,-747.0,-20.75,2.0
1758088947.17748,40898.0,224.66286,32686.0,179.55229,955.0,26.52778,-410.0,-11.38889,2.0
1758088947.19381,40829.0,224.28381,32675.0,179.49187,1663.0,46.19444,-139.0,-3.86111,2.0
1758088947.20994,40727.0,223.72351,32668.0,179.45341,2221.0,61.69444,-126.0,-3.5,2.0
1758088947.21075,40601.0,223.03137,32661.0,179.41496,2695.0,74.86111,-154.0,-4.27778,2.0
1758088947.22581,40453.0,222.21835,32654.0,179.37651,3096.0,86.0,-140.0,-3.88889,2.0
1758088947.22732,40285.0,221.29549,32648.0,179.34355,3508.0,97.44444,-73.0,-2.02778,2.0
1758088947.24282,40095.0,220.25179,32647.0,179.33806,3883.0,107.86111,0.0,0.0,2.0
1758088947.25884,39891.0,219.13115,32648.0,179.34355,4208.0,116.88889,28.0,0.77778,2.0
1758088947.25968,39667.0,217.90067,32650.0,179.35454,4624.0,128.44444,13.0,0.36111,2.0
1758088947.27495,39422.0,216.55482,32651.0,179.36003,5050.0,140.27777,58.0,1.61111,2.0
1758088947.29094,39158.0,215.1046,32652.0,179.36552,5340.0,148.33333,0.0,0.0,2.0
1758088947.29173,38881.0,213.58298,32650.0,179.35454,5592.0,155.33333,-53.0,-1.47222,2.0
1758088947.30699,38583.0,211.94598,32649.0,179.34904,6035.0,167.63889,-20.0,-0.55556,2.0
1758088947.30776,38274.0,210.24858,32647.0,179.33806,5999.0,166.63889,-74.0,-2.05556,2.0
1758088947.32392,37987.0,208.672,32635.0,179.27214,5399.0,149.97223,-424.0,-11.77778,2.0
1758088947.33997,37737.0,207.29869,32598.0,179.06889,4568.0,126.88889,-955.0,-26.52778,2.0
1758088947.34083,37529.0,206.15611,32532.0,178.70634,3688.0,102.44444,-1598.0,-44.38889,2.0
1758088947.35603,37366.0,205.2607,32433.0,178.16251,2921.0,81.13889,-2223.0,-61.75,2.0
1758088947.35717,37237.0,204.55206,32306.0,177.46486,2303.0,63.97222,-2704.0,-75.11111,2.0
1758088947.37297,37131.0,203.96979,32166.0,176.6958,2014.0,55.94444,-2796.0,-77.66666,2.0
1758088947.38893,37031.0,203.42047,32029.0,175.94324,1972.0,54.77778,-2576.0,-71.55556,2.0
1758088947.38981,36925.0,202.83817,31914.0,175.31151,2177.0,60.47222,-2033.0,-56.47222,2.0
1758088947.40508,36806.0,202.18448,31832.0,174.86107,2450.0,68.05556,-1286.0,-35.72222,2.0
1758088947.42104,36675.0,201.46486,31789.0,174.62485,2659.0,73.86111,-509.0,-14.13889,2.0
1758088947.4217,36540.0,200.72328,31787.0,174.61386,2643.0,73.41666,213.0,5.91667,2.0
1758088947.437,36405.0,199.98169,31806.0,174.71823,2575.0,71.52778,493.0,13.69444,2.0
1758088947.43901,36273.0,199.25659,31840.0,174.90501,2648.0,73.55556,820.0,22.77778,2.0
1758088947.45403,36134.0,198.49301,31897.0,175.21812,2822.0,78.38889,1387.0,38.52778,2.0
1758088947.47008,35982.0,197.65805,31987.0,175.71252,3140.0,87.22222,2072.0,57.55556,2.0
1758088947.47083,35813.0,196.72969,32116.0,176.42114,3519.0,97.75,2889.0,80.25,2.0
1758088947.48684,35628.0,195.71342,32287.0,177.36049,3768.0,104.66666,3777.0,104.91666,2.0
1758088947.48763,35431.0,194.63126,32504.0,178.55254,3936.0,109.33334,4700.0,130.55556,2.0
1758088947.50411,35234.0,193.5491,32772.0,180.02472,3810.0,105.83334,5626.0,156.27777,2.0
1758088947.52003,35048.0,192.52736,33081.0,181.72212,3535.0,98.19444,6476.0,179.88889,2.0
1758088947.5226,34881.0,191.60997,33435.0,183.66675,3123.0,86.75,7334.0,203.72223,2.0
1758088947.5381,34737.0,190.81895,33821.0,185.78714,2610.0,72.5,7809.0,216.91667,2.0
1758088947.53893,34618.0,190.16525,34233.0,188.05035,2155.0,59.86111,8364.0,232.33333,2.0
1758088947.554,34523.0,189.6434,34664.0,190.41794,1659.0,46.08333,8636.0,239.88889,2.0
1758088947.57018,34454.0,189.26437,35106.0,192.84596,1158.0,32.16667,8882.0,246.72223,2.0
1758088947.5709,34407.0,189.00616,35557.0,195.32341,773.0,21.47222,8951.0,248.63889,2.0
1758088947.58615,34377.0,188.84137,36011.0,197.81735,406.0,11.27778,9084.0,252.33333,2.0
1758088947.58757,34368.0,188.79193,36470.0,200.33875,60.0,1.66667,9063.0,251.75,2.0
1758088947.60314,34368.0,188.79193,36927.0,202.84915,0.0,0.0,9105.0,252.91667,2.0
1758088947.6191,34368.0,188.79193,37385.0,205.36507,0.0,0.0,8974.0,249.27777,2.0
1758088947.61986,34366.0,188.78094,37834.0,207.83154,51.0,1.41667,8905.0,247.36111,2.0
1758088947.63508,34360.0,188.74799,38278.0,210.27055,188.0,5.22222,8647.0,240.19444,2.0
1758088947.65138,34346.0,188.67108,38703.0,212.60516,384.0,10.66667,8307.0,230.75,2.0
1758088947.65191,34316.0,188.50629,39109.0,214.83543,748.0,20.77778,7785.0,216.25,2.0
1758088947.66716,34268.0,188.24261,39484.0,216.8954,1126.0,31.27778,7114.0,197.61111,2.0
1758088947.66875,34202.0,187.88007,39830.0,218.79607,1414.0,39.27778,6598.0,183.27777,2.0
1758088947.68413,34119.0,187.42412,40139.0,220.49348,1778.0,49.38889,5709.0,158.58333,2.0
1758088947.70017,34025.0,186.90776,40399.0,221.92172,1916.0,53.22222,4709.0,130.80556,2.0
1758088947.70098,33925.0,186.35844,40609.0,223.07532,2011.0,55.86111,3687.0,102.41666,2.0
1758088947.71615,33824.0,185.80362,40763.0,223.92126,1959.0,54.41667,2540.0,70.55556,2.0
1758088947.7174,33727.0,185.27078,40854.0,224.42116,1889.0,52.47222,1257.0,34.91667,2.0
1758088947.73322,33638.0,184.78186,40884.0,224.58595,1717.0,47.69444,163.0,4.52778,2.0
1758088947.74919,33555.0,184.32593,40876.0,224.54201,1582.0,43.94444,-288.0,-8.0,2.0
1758088947.75001,33478.0,183.90295,40850.0,224.39919,1540.0,42.77778,-650.0,-18.05556,2.0
1758088947.76518,33405.0,183.50194,40804.0,224.14648,1399.0,38.86111,-1127.0,-31.30556,2.0
1758088947.78127,33335.0,183.11742,40731.0,223.74548,1410.0,39.16667,-1654.0,-45.94444,2.0
1758088947.782,33265.0,182.73289,40634.0,223.21265,1349.0,37.47222,-2128.0,-59.11111,2.0
1758088947.79887,33195.0,182.34837,40513.0,222.54794,1393.0,38.69444,-2606.0,-72.38889,2.0
1758088947.79961,33127.0,181.97481,40372.0,221.77341,1354.0,37.61111,-2948.0,-81.88889,2.0
1758088947.81527,33058.0,181.59578,40214.0,220.90547,1332.0,37.0,-3234.0,-89.83334,2.0
1758088947.8313,32994.0,181.24422,40043.0,219.96611,1160.0,32.22222,-3512.0,-97.55556,2.0
1758088947.83204,32936.0,180.92561,39856.0,218.93889,1154.0,32.05556,-3851.0,-106.97222,2.0
1758088947.84726,32878.0,180.60699,39648.0,217.7963,1160.0,32.22222,-4177.0,-116.02778,2.0
1758088947.84888,32816.0,180.26642,39430.0,216.59877,1260.0,35.0,-4390.0,-121.94444,2.0
1758088947.86427,32753.0,179.92035,39200.0,215.33531,1266.0,35.16667,-4637.0,-128.80556,2.0
1758088947.88028,32686.0,179.55229,38954.0,213.98398,1320.0,36.66667,-5052.0,-140.33333,2.0
1758088947.88108,32623.0,179.20622,38683.0,212.4953,1160.0,32.22222,-5605.0,-155.69444,2.0
1758088947.89633,32570.0,178.91508,38391.0,210.89128,963.0,26.75,-5849.0,-162.47223,2.0
1758088947.89761,32531.0,178.70085,38088.0,209.22684,623.0,17.30556,-6026.0,-167.38889,2.0
1758088947.91335,32505.0,178.55803,37780.0,207.53491,448.0,12.44444,-6074.0,-168.72223,2.0
1758088947.92936,32488.0,178.46465,37483.0,205.9034,297.0,8.25,-5710.0,-158.61111,2.0
1758088947.93014,32477.0,178.40422,37208.0,204.39276,134.0,3.72222,-5211.0,-144.75,2.0
1758088947.9453,32474.0,178.38774,36962.0,203.04141,0.0,0.0,-4502.0,-125.05556,2.0
1758088947.96136,32477.0,178.40422,36762.0,201.94278,-103.0,-2.86111,-3506.0,-97.38889,2.0
1758088947.96216,32491.0,178.48112,36607.0,201.09132,-449.0,-12.47222,-2784.0,-77.33334,2.0
1758088947.97735,32534.0,178.71733,36475.0,200.36621,-1200.0,-33.33333,-2585.0,-71.80556,2.0
1758088947.97937,32627.0,179.2282,36339.0,199.61914,-2324.0,-64.55556,-2844.0,-79.0,2.0
1758088947.99473,32781.0,180.07416,36182.0,198.75668,-3577.0,-99.36111,-3348.0,-93.0,2.0
1758088948.01035,33003.0,181.29366,35999.0,197.75143,-4957.0,-137.69444,-3853.0,-107.02778,2.0
1758088948.01154,33293.0,182.8867,35790.0,196.60335,-6280.0,-174.44444,-4248.0,-118.0,2.0
1758088948.0307,33647.0,184.8313,35569.0,195.38933,-7536.0,-209.33333,-4426.0,-122.94444,2.0
1758088948.03109,34067.0,187.13847,35344.0,194.15335,-8811.0,-244.75,-4409.0,-122.47222,2.0
1758088948.04633,34531.0,189.68735,35128.0,192.96681,-9497.0,-263.80554,-4102.0,-113.94444,2.0
1758088948.05004,35025.0,192.40102,34934.0,191.90111,-9842.0,-273.38889,-3515.0,-97.63889,2.0
1758088948.06544,35518.0,195.10918,34778.0,191.04417,-9666.0,-268.5,-2744.0,-76.22222,2.0
1758088948.08218,36003.0,197.77341,34665.0,190.42343,-9358.0,-259.94446,-1887.0,-52.41667,2.0
1758088948.08385,36465.0,200.31128,34594.0,190.03342,-8988.0,-249.66667,-1043.0,-28.97222,2.0
1758088948.09946,36910.0,202.75577,34559.0,189.84116,-8513.0,-236.47223,-466.0,-12.94444,2.0
1758088948.10023,37328.0,205.05196,34543.0,189.75327,-8112.0,-225.33333,-212.0,-5.88889,2.0
1758088948.11548,37741.0,207.32066,34534.0,189.70383,-7905.0,-219.58333,-205.0,-5.69444,2.0
1758088948.13227,38134.0,209.47952,34519.0,189.62143,-7716.0,-214.33333,-357.0,-9.91667,2.0
1758088948.13341,38523.0,211.61638,34496.0,189.49509,-7656.0,-212.66667,-494.0,-13.72222,2.0
1758088948.15008,38901.0,213.69284,34463.0,189.31381,-7284.0,-202.33333,-820.0,-22.77778,2.0
1758088948.15084,39266.0,215.69786,34408.0,189.01166,-7185.0,-199.58333,-1278.0,-35.5,2.0
1758088948.16649,39619.0,217.63699,34334.0,188.60516,-6736.0,-187.11111,-1551.0,-43.08333,2.0
1758088948.1685,39948.0,219.44426,34245.0,188.11627,-6306.0,-175.16667,-1840.0,-51.11111,2.0
1758088948.18442,40252.0,221.11421,34148.0,187.58342,-5716.0,-158.77777,-2003.0,-55.63889,2.0
1758088948.2005,40519.0,222.5809,34046.0,187.02312,-4898.0,-136.05556,-1980.0,-55.0,2.0
1758088948.20114,40735.0,223.76746,33952.0,186.50676,-3747.0,-104.08334,-1714.0,-47.61111,2.0
1758088948.21646,40893.0,224.63539,33871.0,186.0618,-2638.0,-73.27778,-1518.0,-42.16667,2.0
1758088948.21769,40991.0,225.17372,33806.0,185.70474,-1398.0,-38.83333,-1136.0,-31.55556,2.0
1758088948.23349,41024.0,225.355,33755.0,185.42459,-80.0,-2.22222,-902.0,-25.05556,2.0
1758088948.24955,41000.0,225.22316,33718.0,185.22134,821.0,22.80556,-613.0,-17.02778,2.0
1758088948.25074,40939.0,224.88808,33693.0,185.08401,1478.0,41.05556,-450.0,-12.5,2.0
1758088948.26558,40843.0,224.36073,33669.0,184.95218,2148.0,59.66667,-471.0,-13.08333,2.0
1758088948.28125,40719.0,223.67957,33640.0,184.79285,2636.0,73.22222,-683.0,-18.97222,2.0
1758088948.28217,40573.0,222.87753,33598.0,184.56213,3048.0,84.66666,-910.0,-25.27778,2.0
1758088948.29749,40408.0,221.97116,33548.0,184.28748,3396.0,94.33334,-1051.0,-29.19444,2.0
1758088948.29899,40226.0,220.97139,33490.0,183.96887,3717.0,103.25,-1203.0,-33.41667,2.0
1758088948.31457,40029.0,219.88921,33430.0,183.63928,3980.0,110.55556,-1140.0,-31.66667,2.0
1758088948.33025,39819.0,218.73564,33375.0,183.33714,4214.0,117.05556,-1053.0,-29.25,2.0
1758088948.33118,39599.0,217.52713,33327.0,183.07347,4495.0,124.86111,-868.0,-24.11111,2.0
1758088948.34657,39361.0,216.21974,33286.0,182.84825,4824.0,134.0,-753.0,-20.91667,2.0
1758088948.34738,39111.0,214.84642,33250.0,182.6505,4959.0,137.75,-738.0,-20.5,2.0
1758088948.36257,38856.0,213.44565,33207.0,182.41429,5115.0,142.08333,-847.0,-23.52778,2.0
1758088948.37863,38586.0,211.96246,33162.0,182.1671,5392.0,149.77777,-943.0,-26.19444,2.0
1758088948.37975,38316.0,210.47929,33109.0,181.87593,5168.0,143.55556,-1155.0,-32.08333,2.0
1758088948.39496,38074.0,209.14993,33044.0,181.51888,4465.0,124.02778,-1391.0,-38.63889,2.0
1758088948.41061,37872.0,208.04028,32960.0,181.05745,3667.0,101.86111,-1854.0,-51.5,2.0
1758088948.41126,37707.0,207.1339,32854.0,180.47516,2977.0,82.69444,-2336.0,-64.88889,2.0
1758088948.42663,37569.0,206.37584,32723.0,179.75555,2540.0,70.55556,-2755.0,-76.52778,2.0
1758088948.42821,37448.0,205.71114,32577.0,178.95354,2298.0,63.83333,-2976.0,-82.66666,2.0
1758088948.44366,37329.0,205.05745,32427.0,178.12955,2388.0,66.33334,-2888.0,-80.22222,2.0
1758088948.45976,37197.0,204.33234,32290.0,177.37697,2769.0,76.91666,-2520.0,-70.0,2.0
1758088948.46042,37041.0,203.4754,32181.0,176.7782,3309.0,91.91666,-1860.0,-51.66667,2.0
1758088948.47646,36857.0,202.46463,32112.0,176.39917,3843.0,106.75,-999.0,-27.75,2.0
1758088948.47727,36655.0,201.355,32081.0,176.22888,4054.0,112.61111,-301.0,-8.36111,2.0
1758088948.49267,36455.0,200.25635,32083.0,176.23987,3834.0,106.5,173.0,4.80556,2.0
1758088948.50869,36273.0,199.25659,32093.0,176.2948,3431.0,95.30556,190.0,5.27778,2.0
1758088948.50942,36107.0,198.3447,32107.0,176.3717,3204.0,89.0,416.0,11.55556,2.0
1758088948.52464,35942.0,197.43831,32145.0,176.58044,3308.0,91.88889,1066.0,29.61111,2.0
1758088948.54038,35766.0,196.47151,32226.0,177.02541,3628.0,100.77778,1993.0,55.36111,2.0
1758088948.5408,35571.0,195.40031,32358.0,177.75052,4043.0,112.30556,3076.0,85.44444,2.0
1758088948.55744,35357.0,194.22476,32545.0,178.77776,4388.0,121.88889,4193.0,116.47222,2.0
1758088948.55892,35129.0,192.97231,32789.0,180.1181,4568.0,126.88889,5269.0,146.36111,2.0
1758088948.57468,34898.0,191.70335,33085.0,181.74409,4570.0,126.94444,6268.0,174.11111,2.0
1758088948.59154,34677.0,190.48935,33430.0,183.63928,4191.0,116.41666,7189.0,199.69444,2.0
1758088948.59191,34483.0,189.42368,33811.0,185.73221,3529.0,98.02778,7696.0,213.77777,2.0
1758088948.60858,34328.0,188.5722,34215.0,187.95148,2672.0,74.22222,8212.0,228.11111,2.0
1758088948.60933,34216.0,187.95697,34637.0,190.26962,1811.0,50.30556,8414.0,233.72223,2.0
