motorPos,motorVel,acc_x,acc_y,acc_z,gyro_x,gyro_y,gyro_z,moment,label
110.533,-51.2545,-4.3164,7.46541,-2.31516,-7.21,0.91,-41.79,-0.850394,0
111.034,-56.1505,-4.23792,7.0632,-2.06991,-7.28,-1.96,-45.36,-0.850394,0
111.535,-47.5826,-4.40469,7.17111,-2.16801,-6.65,2.38,-47.18,-0.850394,0
112.036,-46.3586,-4.44393,6.80814,-2.07972,-7.98,-2.17,-48.3,-0.850394,0
112.37,-47.5826,-4.79709,7.26921,-2.12877,-9.94,2.59,-47.39,-0.850394,0
112.871,-50.0306,-5.09139,7.64199,-2.17782,-10.99,-5.74,-48.86,-0.850394,0
113.372,-52.4785,-5.07177,7.5537,-2.04048,-10.92,-6.65,-50.75,-0.850394,0
113.873,-51.2545,-5.11101,7.61256,-2.09934,-10.15,-8.89,-53.55,-0.850394,0
114.374,-46.3586,-5.23854,7.56351,-2.28573,-10.43,-5.74,-53.83,-0.850394,0
114.875,-46.3586,-5.32683,7.43598,-2.30535,-11.13,-6.79,-52.5,-0.850394,0
115.376,-51.2545,-5.69961,8.11287,-2.54079,-11.97,-5.11,-52.64,-0.850394,0
115.877,-50.0306,-5.6898,7.96572,-2.51136,-12.32,-7.84,-55.16,-0.850394,0
116.378,-54.9266,-5.61132,7.74009,-2.50155,-11.41,-3.78,-55.79,-0.850394,0
116.879,-52.4785,-5.9841,8.0442,-2.75661,-10.99,-0.56,-55.16,-0.850394,0
117.379,-43.9106,-6.12144,7.78914,-2.62908,-11.76,-5.04,-55.51,-0.850394,0
117.88,-40.2824,-6.02334,7.40655,-2.13858,-11.76,-17.43,-54.46,-0.850394,0
118.214,-47.5826,-6.35688,8.10306,-2.12877,-10.22,-11.9,-51.03,-0.850394,0
118.715,-47.5826,-6.5727,8.48565,-2.03067,-7.28,-10.43,-52.15,-0.850394,0
119.216,-39.0583,-5.95467,7.57332,-2.04048,-5.04,-1.12,-50.54,-0.850394,0
119.55,-40.2824,-6.15087,7.71066,-2.52117,-6.23,-9.66,-48.79,-0.850394,0
119.884,-35.3864,-6.02334,7.40655,-2.54079,-9.17,-3.22,-47.32,-0.850394,0
120.218,-29.2665,-5.77809,7.15149,-2.44269,-9.52,-0.91,-45.43,-0.850394,0
120.385,-21.9662,-5.64075,7.0632,-2.51136,-9.59,-3.5,-43.61,-0.850394,0
120.719,-21.9662,-5.67999,7.08282,-2.57022,-11.06,-6.02,-42.28,-0.850394,0
120.886,-28.0425,-5.6898,7.08282,-2.56041,-11.97,-3.08,-41.65,-0.850394,0
121.221,-39.0583,-5.84676,7.41636,-2.67813,-12.6,-10.57,-43.47,-0.850394,0
121.721,-43.9106,-5.71923,7.05339,-2.52117,-12.46,-18.9,-51.73,-0.850394,0
122.055,-39.0583,-5.56227,6.51384,-2.1582,-12.88,-9.03,-53.34,-0.850394,0
122.556,-45.1346,-5.62113,5.886,-2.04048,-14.84,-7.98,-54.81,-0.850394,0
123.057,-51.2545,-5.52303,5.61132,-1.89333,-16.59,-18.48,-56.21,-0.850394,0
123.558,-57.3308,-5.58189,5.89581,-1.8639,-17.22,-9.87,-56.28,-0.850394,0
124.226,-62.2268,-5.91543,6.43536,-1.84428,-16.66,-10.08,-58.52,-0.850394,0
124.894,-73.1989,-5.93505,6.1803,-1.55979,-14.98,-14.35,-62.79,-0.850394,0
125.729,-81.7668,-6.14106,6.23916,-1.58922,-13.09,-22.19,-66.29,-0.850394,0
126.564,-85.4389,-6.12144,5.63094,-1.57941,-11.97,-20.37,-69.44,-0.850394,0
127.566,-95.187,-6.28821,5.56227,-1.64808,-12.25,-26.32,-74.83,-0.850394,0
128.568,-111.055,-6.33726,5.18949,-1.6677,-13.09,-24.01,-78.05,-0.850394,0
129.57,-113.503,-6.61194,5.02272,-1.2753,-13.09,-32.27,-82.11,-0.850394,0
130.906,-131.819,-6.9651,5.05215,-1.18701,-12.95,-23.31,-86.24,-0.850394,0
132.242,-145.239,-7.17111,4.85595,-0.92214,-12.11,-25.41,-91,-0.850394,0
133.744,-164.78,-7.54389,4.94424,-0.91233,-10.85,-36.05,-95.34,-0.850394,0
135.414,-170.856,-7.74009,4.76766,-0.7848,-10.22,-34.16,-99.26,-0.850394,0
137.251,-181.872,-7.76952,4.76766,-0.70632,-8.19,-36.47,-102.27,-0.850394,0
139.088,-189.172,-7.63218,4.59108,-0.77499,-5.95,-36.4,-105.07,-0.850394,0
140.925,-196.516,-7.38693,4.38507,-0.84366,-4.27,-37.87,-107.45,-0.850394,0
142.929,-205.04,-7.00434,4.18887,-0.6867,-2.73,-42.84,-112.21,-0.850394,0
145.099,-213.608,-6.63156,3.70818,-0.72594,-2.38,-41.37,-114.94,-0.850394,0
147.27,-217.28,-6.29802,3.48255,-0.8829,-3.36,-43.82,-118.86,-0.850394,0
149.441,-220.908,-6.1803,3.17844,-0.86328,-4.48,-49.77,-123.13,-0.850394,0
151.779,-238,-6.09201,2.78604,-0.89271,-4.9,-50.68,-126.98,-0.850394,0
154.117,-240.448,-5.91543,2.31516,-0.92214,-5.53,-51.17,-130.41,-0.850394,0
156.622,-241.672,-5.55246,1.90314,-1.05948,-7.7,-47.6,-133.07,-0.850394,0
158.96,-247.792,-4.88538,1.44207,-0.96138,-10.71,-55.3,-135.17,-0.850394,0
161.464,-242.896,-4.01229,0.80442,-1.11834,-14.56,-56.21,-135.87,-0.850394,0
163.969,-257.541,-2.93319,-0.21582,-0.79461,-16.1,-57.68,-131.53,-0.850394,0
166.307,-242.896,-1.83447,-1.09872,-0.33354,-15.12,-53.62,-127.33,-0.850394,0
168.812,-244.12,-5.2974,1.5696,-5.58189,-11.34,-58.52,-122.5,-0.850394,0
171.149,-224.58,-20.5618,13.0571,-5.9841,-28.14,-65.52,-106.26,-0.850394,0
172.986,-157.436,-58.0654,19.5906,4.32621,-70.63,-48.23,-74.62,-0.850394,0
173.988,-53.7025,-57.0452,14.8131,1.97181,-33.95,-10.99,-4.48,-0.850394,0
173.487,111.099,-18.6684,16.5593,-2.97243,27.86,-21.91,79.38,-0.850394,0
171.483,279.572,-1.78542,10.4771,-1.20663,91.07,-17.92,109.06,-0.850394,0
167.977,382.081,1.33416,-1.14777,-5.01291,115.85,12.39,116.97,-0.850394,0
163.468,474.886,1.44207,-8.40717,0.96138,62.93,14.42,145.53,-0.850394,0
158.626,494.426,-1.19682,-14.9701,10.5654,-50.89,19.25,169.19,-0.850394,0
153.95,441.926,-7.00434,-11.8112,8.23059,-70.63,32.55,157.29,-0.850394,0
150.109,311.309,-15.8824,-1.15758,3.61008,-58.1,41.51,126.07,-0.850394,0
148.105,139.163,-17.0694,10.3692,3.924,-50.54,24.99,66.78,-0.850394,0
147.771,-36.6104,-15.5587,17.1086,5.65056,-42.42,0.07,12.81,-0.850394,0
149.107,-175.752,-12.3998,15.9314,4.53222,-22.68,-21,-43.54,-0.850394,0
151.278,-247.792,-9.66285,9.06444,1.42245,5.6,-30.66,-93.24,-0.850394,0
153.95,-270.961,-7.57332,1.75599,0.50031,38.85,-35.7,-121.66,-0.850394,0
156.455,-261.212,-7.27902,-1.11834,-0.52974,55.37,-37.87,-125.23,-0.850394,0
158.96,-239.224,-8.4366,-2.01105,-0.82404,51.52,-34.3,-106.12,-0.850394,0
161.13,-189.172,-8.09325,-2.85471,-0.14715,6.86,-25.48,-97.02,-0.850394,0
162.633,-134.267,-9.80019,-1.12815,-0.10791,-16.59,-13.65,-82.46,-0.850394,0
163.635,-91.5151,-9.66285,0.55917,0.13734,-29.96,0,-62.86,-0.850394,0
164.47,-62.2268,-9.38817,2.78604,-0.11772,-32.97,1.82,-47.81,-0.850394,0
164.804,-28.0425,-9.03501,2.943,-0.34335,-27.72,-0.77,-39.62,-0.850394,0
164.971,-28.0425,-9.30969,4.33602,-1.01043,-25.48,-1.26,-29.33,-0.850394,0
165.305,-39.0583,-9.3195,5.25816,-1.02024,-26.39,-3.78,-27.86,-0.850394,0
165.806,-57.3308,-8.93691,4.1202,-0.18639,-24.08,-5.46,-33.18,-0.850394,0
166.307,-61.0028,-8.51508,3.70818,0.13734,-22.12,-1.61,-36.12,-0.850394,0
167.142,-74.4229,-8.09325,3.58065,0.1962,-19.11,-5.25,-44.45,-0.850394,0
167.81,-74.4229,-7.7499,2.23668,0.7848,-17.78,-11.62,-45.57,-0.850394,0
168.645,-68.3468,-7.91667,2.66832,0.86328,-19.74,-12.32,-42.07,-0.850394,0
169.146,-42.6866,-8.12268,2.22687,1.21644,-19.81,-5.81,-37.17,-0.850394,0
169.48,-31.7144,-8.54451,2.69775,1.15758,-20.72,-13.3,-29.75,-0.850394,0
169.814,-23.1902,-8.86824,2.6487,1.10853,-18.76,-6.16,-24.85,-0.850394,0
169.98,-21.9662,-9.25083,2.31516,1.16739,-14.77,-10.22,-22.61,-0.850394,0
170.147,-12.1744,-9.52551,1.90314,1.12815,-10.08,-5.74,-20.65,-0.850394,0
170.314,-12.1744,-9.67266,1.5696,1.1772,-6.02,-6.58,-18.13,-0.850394,0
170.481,-17.0702,-9.65304,1.7658,1.31454,1.68,-7.21,-15.12,-0.850394,0
170.481,-10.9504,-9.52551,1.52055,1.55979,6.02,-6.16,-14.77,-0.850394,0
170.648,-10.9504,-9.57456,0.8829,1.43226,8.82,-9.03,-14.63,-0.850394,0
170.815,-9.72631,-9.69228,0.81423,1.30473,9.45,-8.12,-13.3,-0.850394,0
170.982,-14.6223,-9.62361,0.86328,1.31454,9.45,-7.49,-13.02,-0.850394,0
170.982,-17.0702,-9.50589,1.04967,1.34397,10.36,-3.78,-13.3,-0.850394,0
171.316,-14.6223,-9.40779,1.11834,1.24587,11.41,-7.49,-14.14,-0.850394,0
171.483,-13.3983,-9.40779,1.1772,1.11834,12.18,-4.69,-13.16,-0.850394,0
171.483,-8.50234,-9.40779,1.1772,1.04967,12.39,-4.06,-11.13,-0.850394,0
171.483,3.69388,-9.45684,1.22625,1.00062,12.81,-3.57,-3.92,-0.850394,0
171.483,-4.87414,-9.5157,1.39302,1.09872,16.38,-2.45,-2.66,-0.850394,0
171.483,0.0218566,-9.74133,1.21644,1.20663,18.9,-7.14,-4.34,-0.850394,0
171.483,-2.42609,-9.94734,0.73575,1.08891,20.3,-6.23,-5.67,-0.850394,0
171.483,0.0218566,-10.0062,0.40221,0.87309,19.25,-2.8,-6.65,-0.850394,0
171.65,-7.32208,-9.95715,0.15696,0.75537,17.01,-1.89,-7.7,-0.850394,0
171.65,-15.8463,-9.93753,0.18639,0.6867,13.93,-5.81,-9.31,-0.850394,0
171.984,-21.9662,-9.96696,0.24525,0.63765,10.99,-8.54,-11.69,-0.850394,0
172.151,-28.0425,-10.0062,0.17658,0.63765,8.89,0.84,-13.51,-0.850394,0
172.485,-32.9385,-10.0062,0.21582,0.72594,5.95,3.92,-15.26,-0.850394,0
172.986,-36.6104,-9.92772,0.05886,0.65727,-0.14,1.19,-17.99,-0.850394,0
173.32,-35.3864,-9.87867,-0.23544,0.62784,-4.69,2.45,-16.03,-0.850394,0
173.654,-31.7144,-9.7119,-0.03924,0.71613,-9.24,0.91,-13.37,-0.850394,0
173.821,-25.5945,-9.60399,0.05886,0.84366,-12.81,-3.92,-10.85,-0.850394,0
174.155,-14.6223,-9.53532,0.10791,1.03005,-15.68,-6.51,-7.77,-0.850394,0
174.322,-13.3983,-9.43722,0.63765,1.18701,-17.71,6.3,-3.29,-0.850394,0
174.322,-7.32208,-9.35874,0.89271,1.4715,-18.41,8.54,-1.54,-0.850394,0
174.489,-8.50234,-9.32931,1.03005,1.50093,-17.85,6.58,-1.26,-0.850394,0
174.489,-12.1744,-9.39798,1.11834,1.53036,-16.94,-0.7,-1.68,-0.850394,0
174.656,-14.6223,-9.53532,1.2753,1.40283,-16.59,3.99,-2.31,-0.850394,0
174.823,-25.5945,-9.59418,1.24587,1.38321,-13.79,-0.42,-3.57,-0.850394,0
175.157,-31.7144,-9.50589,1.65789,1.41264,-11.06,-4.83,-5.88,-0.850394,0
175.491,-35.3864,-9.44703,1.3734,1.43226,-7.07,2.94,-7.91,-0.850394,0
175.825,-30.4904,-9.54513,0.83385,1.31454,-4.2,0.91,-8.05,-0.850394,0
176.159,-19.5183,-9.63342,0.77499,1.13796,-4.13,2.87,-4.83,-0.850394,0
176.326,-7.32208,-9.64323,0.72594,1.15758,-4.9,0.77,-1.33,-0.850394,0
176.326,-7.32208,-9.67266,0.64746,1.1772,-5.11,0.07,2.24,-0.850394,0
176.326,-2.42609,-9.74133,0.70632,1.23606,-6.44,0.49,5.46,-0.850394,0
176.326,1.24583,-9.68247,0.90252,1.0791,-7.14,7,7.77,-0.850394,0
176.326,-6.09811,-9.53532,1.05948,1.20663,-6.65,3.22,7.77,-0.850394,0
176.326,-9.72631,-9.43722,1.44207,1.19682,-5.32,7.49,7.14,-0.850394,0
176.493,-13.3983,-9.36855,1.55979,1.19682,-4.55,4.76,6.09,-0.850394,0
176.66,-12.1744,-9.34893,1.51074,1.31454,-2.87,12.04,5.46,-0.850394,0
176.827,-14.6223,-9.43722,1.28511,1.33416,-2.17,3.64,4.83,-0.850394,0
176.827,-4.87414,-9.59418,0.92214,1.21644,-1.96,8.82,7,-0.850394,0
176.827,9.77002,-9.66285,1.12815,1.11834,-3.64,0.35,10.92,-0.850394,0
176.827,3.69388,-9.47646,1.5696,1.20663,-4.27,6.02,14.7,-0.850394,0
176.827,7.36579,-9.32931,1.75599,1.32435,-2.94,9.87,16.17,-0.850394,0
176.66,6.14182,-9.33912,1.78542,1.35378,-0.77,12.74,16.1,-0.850394,0
176.66,1.24583,-9.42741,1.55979,1.36359,3.15,6.02,16.03,-0.850394,0
176.66,10.9941,-9.60399,1.18701,1.39302,4.55,7.56,17.22,-0.850394,0
176.493,9.77002,-9.62361,1.14777,1.45188,5.81,7.77,18.97,-0.850394,0
176.326,15.89,-9.62361,1.11834,1.51074,7,3.36,20.65,-0.850394,0
176.159,24.4142,-9.67266,1.24587,1.46169,8.75,11.41,23.24,-0.850394,0
175.992,17.114,-9.64323,1.40283,1.40283,10.22,6.86,24.15,-0.850394,0
175.825,14.666,-9.66285,1.22625,1.40283,12.67,16.03,24.36,-0.850394,0
175.658,12.2181,-9.64323,1.31454,1.32435,14.21,12.11,23.94,-0.850394,0
175.491,3.69388,-9.57456,1.21644,1.28511,15.68,15.82,22.26,-0.850394,0
175.491,-4.87414,-9.54513,0.87309,1.21644,15.89,9.73,18.13,-0.850394,0
175.491,-2.42609,-9.62361,0.67689,1.05948,14.21,16.1,18.97,-0.850394,0
175.491,2.4698,-9.62361,0.74556,1.04967,12.74,13.37,19.95,-0.850394,0
175.491,4.91785,-9.63342,0.70632,1.02024,9.87,5.95,20.93,-0.850394,0
175.324,9.77002,-9.60399,0.85347,0.981,7.35,13.16,23.8,-0.850394,0
175.324,9.77002,-9.49608,1.18701,0.97119,4.97,14.98,26.81,-0.850394,0
175.157,22.0099,-9.44703,1.43226,0.96138,3.99,12.32,29.47,-0.850394,0
174.823,22.0099,-9.4176,1.79523,0.89271,3.43,11.34,32.76,-0.850394,0
174.823,10.9941,-9.37836,2.79585,0.82404,3.92,17.5,35.7,-0.850394,0
174.489,25.6383,-9.65304,2.04048,1.25568,7.49,19.04,40.25,-0.850394,0
174.155,43.9543,-10.3201,1.85409,0.75537,5.46,25.55,50.33,-0.850394,0
173.654,62.2705,-10.3692,3.15882,0.97119,6.02,24.01,56.63,-0.850394,0
172.986,70.8384,-10.2809,3.49236,0.85347,7.7,19.32,62.93,-0.850394,0
172.151,79.3626,-10.2809,3.6297,0.65727,9.87,28.84,69.86,-0.850394,0
171.316,92.7828,-10.5948,3.54141,0.59841,11.06,26.25,76.58,-0.850394,0
170.314,108.651,-11.3011,3.50217,0.50031,10.85,29.05,84.21,-0.850394,0
169.146,113.547,-12.2036,3.71799,0.20601,9.03,40.74,91.49,-0.850394,0
167.977,124.519,-13.0767,3.65913,0.06867,7.77,44.52,97.58,-0.850394,0
166.641,128.191,-13.7536,4.26735,-0.51012,4.13,46.62,110.46,-0.850394,0
165.305,135.535,-13.7144,4.68918,-0.77499,-7.28,43.54,113.05,-0.850394,0
163.969,123.295,-11.8407,5.30721,-0.92214,-11.69,36.05,113.61,-0.850394,0
162.633,124.519,-10.585,5.16987,-0.56898,-12.81,46.13,112.07,-0.850394,0
161.464,111.099,-9.6138,5.62113,-0.31392,-11.55,49.7,109.76,-0.850394,0
160.462,95.2307,-8.78976,5.77809,-0.26487,-7.7,45.64,104.16,-0.850394,0
159.627,78.1386,-7.95591,6.17049,-0.34335,-1.75,40.6,98.56,-0.850394,0
158.96,67.1664,-7.26921,6.97491,-0.61803,5.11,35.77,91.98,-0.850394,0
158.292,50.0743,-6.85719,7.43598,-0.90252,14.49,26.95,83.37,-0.850394,0
157.791,61.0465,-7.01415,7.80876,-1.32435,23.94,28.84,73.85,-0.850394,0
157.123,74.4666,-7.43598,7.24959,-1.78542,40.81,25.83,61.81,-0.850394,0
156.288,89.1545,-8.25021,7.05339,-2.76642,44.94,12.32,60.48,-0.850394,0
155.119,124.519,-9.45684,4.53222,-2.66832,45.5,26.18,64.61,-0.850394,0
153.783,150.179,-9.36855,3.35502,-2.11896,43.61,17.92,72.24,-0.850394,0
152.113,175.796,-8.81919,3.05091,-1.48131,43.75,11.62,82.67,-0.850394,0
150.276,189.216,-8.28945,3.68856,-1.33416,44.31,-5.46,92.61,-0.850394,0
148.272,201.456,-7.78914,4.40469,-1.4715,45.85,20.86,100.52,-0.850394,0
146.268,203.86,-7.39674,4.73823,-1.67751,46.55,20.23,104.72,-0.850394,0
144.264,214.876,-7.26921,5.17968,-2.00124,44.17,5.39,106.89,-0.850394,0
142.094,214.876,-7.17111,5.2974,-2.14839,40.04,4.27,107.94,-0.850394,0
139.923,207.532,-6.99453,5.45436,-2.11896,34.51,13.44,108.01,-0.850394,0
137.919,206.308,-6.59232,5.89581,-1.83447,34.23,21.7,106.75,-0.850394,0
135.915,200.232,-6.38631,6.15087,-1.80504,34.51,16.66,104.09,-0.850394,0
133.911,203.86,-6.22935,6.1803,-1.88352,34.93,16.1,101.5,-0.850394,0
131.908,192.888,-6.13125,6.24897,-2.04048,33.53,6.44,98.35,-0.850394,0
129.904,191.664,-5.97429,6.0822,-2.07972,30.94,9.94,96.04,-0.850394,0
128.067,199.008,-5.91543,6.06258,-2.06991,26.46,-0.28,93.24,-0.850394,0
126.063,185.587,-5.81733,5.96448,-1.89333,22.68,1.05,91.56,-0.850394,0
124.226,186.768,-5.72904,5.886,-1.71675,18.97,13.86,90.44,-0.850394,0
122.389,183.139,-5.76828,5.886,-1.62846,11.69,24.92,87.43,-0.850394,0
120.552,170.9,-5.6898,6.05277,-1.74618,8.61,23.45,85.68,-0.850394,0
118.882,168.495,-5.75847,6.0822,-1.7658,5.74,27.02,83.16,-0.850394,0
117.379,156.255,-5.7879,6.24897,-1.82466,3.5,16.45,79.38,-0.850394,0
115.71,152.627,-5.77809,6.35688,-1.87371,1.47,8.12,75.6,-0.850394,0
114.374,139.163,-5.67018,6.55308,-1.97181,-0.14,20.09,72.38,-0.850394,0
113.038,129.415,-5.48379,6.63156,-1.99143,-0.7,19.39,68.74,-0.850394,0
111.702,119.667,-5.31702,6.99453,-2.20725,-0.35,8.75,64.54,-0.850394,0
110.7,105.023,-4.99329,6.83757,-2.21706,0.42,13.65,60.55,-0.850394,0
109.698,95.2307,-4.77747,6.95529,-2.26611,1.33,1.05,52.29,-0.850394,0
108.696,90.3348,-4.69899,6.94548,-2.27592,2.73,10.36,48.93,-0.850394,0
107.861,83.0346,-4.34583,6.68061,-2.13858,3.29,3.36,46.2,-0.850394,0
107.193,72.0624,-4.18887,6.52365,-2.09934,3.5,14.14,43.47,-0.850394,0
106.525,58.5985,-4.15944,6.61194,-2.14839,3.64,17.92,40.67,-0.850394,0
105.858,58.5985,-3.91419,6.24897,-2.03067,3.5,15.75,36.82,-0.850394,0
105.357,54.9703,-3.86514,6.25878,-2.06991,3.29,15.68,34.51,-0.850394,0
104.856,43.9543,-4.18887,6.79833,-2.27592,2.03,16.24,31.43,-0.850394,0
104.522,37.8781,-4.13982,6.45498,-2.18763,0.28,7.14,25.97,-0.850394,0
104.188,28.0862,-4.10058,6.53346,-2.12877,-0.35,6.09,22.4,-0.850394,0
103.854,24.4142,-4.2183,6.7689,-2.18763,-1.05,2.87,13.79,-0.850394,0
103.854,6.14182,-4.11039,6.75909,-2.18763,-1.47,5.18,9.52,-0.850394,0
103.687,3.69388,-3.924,6.66099,-2.23668,-1.82,-2.24,4.97,-0.850394,0
103.687,-7.32208,-3.73761,6.58251,-2.26611,-1.96,8.4,2.17,-0.850394,0
103.687,-4.87414,-3.63951,6.50403,-2.28573,-2.94,-3.29,-1.19,-0.850394,0
103.854,-7.32208,-3.70818,6.64137,-2.33478,-3.85,3.15,-2.94,-0.850394,0
103.854,-8.50234,-3.85533,6.81795,-2.37402,-5.67,3.64,-5.25,-0.850394,0
104.021,-18.2943,-3.924,6.80814,-2.36421,-7.07,7.35,-7.7,-0.850394,0
104.188,-18.2943,-4.13982,7.0632,-2.41326,-7.35,16.03,-9.45,-0.850394,0
104.522,-29.2665,-4.36545,7.21035,-2.46231,-8.54,10.22,-15.96,-0.850394,0
104.856,-29.2665,-4.34583,7.07301,-2.34459,-8.68,-3.43,-18.97,-0.850394,0
105.19,-36.6104,-4.44393,7.38693,-2.33478,-9.17,-2.52,-21.98,-0.850394,0
105.524,-32.9385,-3.96324,6.72966,-2.07972,-9.1,-1.75,-23.59,-0.850394,0
105.858,-34.1624,-4.22811,7.51446,-2.26611,-9.73,-0.28,-23.38,-0.850394,0
106.191,-40.2824,-4.4145,7.63218,-2.29554,-10.22,-1.75,-25.69,-0.850394,0
106.692,-50.0306,-4.55184,7.87743,-2.24649,-10.29,3.99,-28,-0.850394,0
107.193,-53.7025,-4.78728,8.15211,-2.44269,-9.03,7.91,-31.57,-0.850394,0
107.861,-52.4785,-4.43412,7.22997,-2.2563,-7.35,4.48,-35.14,-0.850394,0
108.362,-47.5826,-4.47336,7.24959,-2.3544,-7.49,-6.3,-35.49,-0.850394,0
108.863,-47.5826,-4.59108,7.18092,-2.49174,-11.41,10.64,-34.44,-0.850394,0
109.197,-39.0583,-4.24773,7.02396,-2.16801,-12.04,12.11,-32.27,-0.850394,0
109.531,-45.1346,-4.66956,7.69104,-2.10915,-12.67,4.9,-33.39,-0.850394,0
110.032,-54.9266,-4.88538,7.73028,-1.8639,-11.62,3.08,-36.96,-0.850394,0
110.7,-52.4785,-4.79709,7.39674,-1.65789,-9.1,5.18,-40.32,-0.850394,0
111.201,-58.5548,-4.93443,7.37712,-1.80504,-7.56,-9.8,-42.98,-0.850394,0
111.702,-47.5826,-5.1993,7.21035,-2.06991,-8.54,-2.87,-44.17,-0.850394,0
112.203,-51.2545,-5.30721,6.93567,-2.07972,-10.78,10.22,-43.54,-0.850394,0
112.704,-53.7025,-5.60151,7.40655,-2.24649,-11.83,-0.56,-43.4,-0.850394,0
113.205,-56.1505,-5.80752,7.59294,-2.26611,-12.6,-0.7,-46.62,-0.850394,0
113.873,-58.5548,-5.72904,7.30845,-2.19744,-12.67,-2.59,-47.46,-0.850394,0
114.374,-56.1505,-5.69961,6.91605,-2.13858,-13.44,10.29,-46.97,-0.850394,0
115.042,-53.7025,-5.69961,7.03377,-2.02086,-15.12,9.38,-45.29,-0.850394,0
115.543,-69.5707,-5.9841,7.80876,-2.17782,-16.66,5.6,-44.66,-0.850394,0
116.211,-65.8987,-5.66037,7.48503,-2.00124,-16.66,12.11,-46.06,-0.850394,0
116.879,-63.4508,-5.50341,7.62237,-2.04048,-15.4,8.26,-46.55,-0.850394,0
117.546,-61.0028,-5.60151,7.60275,-2.34459,-15.4,7.07,-47.95,-0.850394,0
118.047,-62.2268,-5.3955,7.01415,-2.21706,-16.1,13.51,-47.46,-0.850394,0
118.715,-67.1227,-5.84676,7.81857,-2.5506,-17.43,-2.38,-48.93,-0.850394,0
119.383,-62.2268,-5.77809,7.51446,-2.41326,-16.8,10.85,-48.79,-0.850394,0
120.051,-72.0187,-5.66037,7.28883,-2.41326,-15.12,1.75,-48.79,-0.850394,0
120.719,-58.5548,-5.46417,6.69042,-2.26611,-16.59,-10.85,-49.56,-0.850394,0
121.388,-64.6747,-5.65056,7.17111,-2.37402,-18.13,-8.19,-48.79,-0.850394,0
122.055,-68.3468,-5.55246,6.98472,-2.41326,-18.41,3.22,-50.19,-0.850394,0
122.723,-73.1989,-5.31702,6.71004,-2.18763,-19.25,-2.31,-52.64,-0.850394,0
123.391,-73.1989,-5.34645,6.6708,-2.22687,-19.11,2.31,-53.83,-0.850394,0
124.226,-76.8709,-5.48379,6.65118,-2.20725,-21.07,-6.02,-55.51,-0.850394,0
125.061,-84.2149,-5.57208,6.71004,-2.00124,-22.19,-6.86,-57.89,-0.850394,0
125.896,-87.8868,-5.46417,6.54327,-1.71675,-20.65,-12.25,-64.33,-0.850394,0
126.731,-95.187,-5.41512,6.3765,-1.60884,-20.37,-14.14,-67.2,-0.850394,0
127.733,-100.083,-5.42493,6.17049,-1.48131,-20.51,-22.4,-71.89,-0.850394,0
128.902,-107.383,-5.24835,5.94486,-1.34397,-18.97,-19.39,-76.44,-0.850394,0
130.071,-122.027,-5.1993,5.89581,-1.3734,-17.71,-20.44,-81.62,-0.850394,0
131.24,-128.147,-5.26797,5.67999,-1.3734,-17.15,-18.34,-88.55,-0.850394,0
132.742,-142.792,-5.31702,5.14044,-1.19682,-16.17,-12.81,-95.69,-0.850394,0
134.245,-164.78,-5.63094,4.94424,-1.21644,-15.26,-22.68,-103.11,-0.850394,0
136.082,-185.544,-5.87619,4.44393,-1.06929,-14.98,-28.84,-111.3,-0.850394,0
137.919,-194.068,-6.16068,4.16925,-0.89271,-14.28,-37.59,-126.49,-0.850394,0
139.923,-212.384,-6.40593,3.77685,-0.73575,-10.64,-43.68,-133.21,-0.850394,0
142.261,-230.7,-6.70023,3.34521,-0.35316,-8.05,-38.99,-138.95,-0.850394,0
144.598,-251.464,-6.72966,3.10977,-0.20601,-4.69,-43.82,-145.46,-0.850394,0
147.27,-264.884,-6.63156,2.82528,0,-1.47,-50.82,-151.9,-0.850394,0
150.109,-275.857,-6.41574,2.38383,-0.02943,2.45,-47.04,-157.29,-0.850394,0
152.781,-280.753,-6.17049,1.69713,-0.11772,5.25,-67.2,-162.68,-0.850394,0
155.62,-284.381,-5.82714,1.02024,-0.20601,7.42,-67.06,-165.27,-0.850394,0
158.459,-284.381,-5.38569,0.16677,-0.26487,9.1,-69.58,-166.67,-0.850394,0
161.297,-283.201,-5.06196,-0.35316,-0.44145,11.97,-62.51,-166.04,-0.850394,0
164.303,-291.725,-4.86576,-0.61803,-0.91233,11.9,-65.87,-164.85,-0.850394,0
167.142,-278.305,-10.7125,2.47212,-4.98348,15.12,-72.94,-167.58,-0.850394,0
169.814,-274.633,-29.0768,7.30845,-8.05401,-13.72,-91.7,-158.41,-0.850394,0
172.485,-242.896,-59.8312,10.2416,2.16801,-95.55,-68.18,-118.09,-0.850394,0
174.489,-162.332,-45.9697,17.4912,4.07115,-91.63,-28.14,-51.03,-0.850394,0
175.324,-41.4627,-15.6666,15.5587,-6.4746,-27.44,-18.2,8.4,-0.850394,0
174.823,102.575,-0.75537,12.7236,-4.44393,15.68,-12.6,58.31,-0.850394,0
172.986,236.82,3.85533,7.99515,-2.79585,62.16,10.01,76.02,-0.850394,0
170.147,323.505,3.42369,1.90314,-2.44269,69.72,2.73,85.68,-0.850394,0
166.474,377.229,0.61803,-5.6898,3.16863,-12.81,-0.42,103.95,-0.850394,0
162.8,366.213,-4.69899,-12.2429,8.85843,-24.36,14.7,104.23,-0.850394,0
159.46,291.769,-15.1957,-5.36607,7.77933,-41.23,23.73,101.29,-0.850394,0
157.123,187.992,-16.3925,4.09077,5.6898,-50.33,19.25,72.52,-0.850394,0
156.121,36.6541,-15.4213,11.6052,4.38507,-47.39,1.54,25.2,-0.850394,0
156.622,-80.5429,-12.39,13.7634,3.76704,-31.85,-14.07,-19.53,-0.850394,0
157.958,-173.304,-9.08406,11.723,2.48193,-8.96,-24.78,-60.06,-0.850394,0
159.961,-212.384,-7.13187,6.49422,1.30473,21.63,-27.09,-94.99,-0.850394,0
162.132,-224.58,-6.69042,2.68794,0.04905,45.29,-30.38,-110.67,-0.850394,0
164.47,-196.516,-7.3575,0.74556,-0.981,48.16,-28.56,-109.83,-0.850394,0
166.307,-178.2,-7.96572,-1.13796,-1.2753,18.62,-16.52,-89.6,-0.850394,0
167.81,-123.251,-9.44703,-0.41202,-1.61865,-0.35,-10.01,-71.68,-0.850394,0
168.645,-63.4508,-9.40779,0.34335,-0.8829,-10.99,-8.68,-53.13,-0.850394,0
168.812,-3.65017,-9.17235,2.53098,-0.64746,-15.33,-8.26,-30.8,-0.850394,0
168.645,22.0099,-8.9271,4.38507,-1.14777,-15.26,-4.97,-13.58,-0.850394,0
168.478,26.8622,-8.78976,4.4145,-1.08891,-9.17,-11.2,-8.75,-0.850394,0
168.144,37.8781,-9.04482,3.0411,-0.70632,-0.21,-6.02,-7.84,-0.850394,0
167.81,36.6541,-9.63342,2.76642,-0.44145,2.38,-12.6,-4.34,-0.850394,0
167.476,23.2339,-9.82962,2.42307,0.20601,2.59,-7.28,-3.22,-0.850394,0
167.309,15.89,-9.56475,1.84428,0.79461,-0.63,-4.41,-4.97,-0.850394,0
167.142,4.91785,-9.17235,2.22687,0.92214,-2.31,-1.75,-8.19,-0.850394,0
167.142,0.0218566,-8.89767,1.78542,0.89271,-3.29,-7.07,-10.92,-0.850394,0
167.142,-2.42609,-9.00558,1.5696,0.70632,-4.62,-11.62,-10.22,-0.850394,0
167.142,1.24583,-8.95653,1.58922,0.81423,-6.72,-14,-7.84,-0.850394,0
166.975,8.54605,-8.83881,1.29492,1.10853,-7.21,-7.77,-5.6,-0.850394,0
166.808,15.89,-8.9271,1.03986,1.21644,-7.07,-15.26,-3.78,-0.850394,0
166.641,19.562,-9.16254,0.93195,1.19682,-6.37,-16.94,-1.82,-0.850394,0
166.474,26.8622,-9.33912,0.97119,1.28511,-4.55,-1.82,0.21,-0.850394,0
166.14,37.8781,-9.53532,0.99081,1.42245,-1.82,-9.24,2.38,-0.850394,0
165.806,39.102,-9.86886,1.35378,1.38321,6.37,-7.77,2.31,-0.850394,0
165.472,25.6383,-10.2809,1.6677,1.0791,11.83,-5.67,1.05,-0.850394,0
165.305,9.77002,-10.2515,1.43226,0.99081,17.57,-1.4,-2.52,-0.850394,0
165.305,-4.87414,-10.1828,0.89271,0.8829,22.05,-4.76,-6.79,-0.850394,0
165.305,-4.87414,-10.1337,0.30411,0.67689,22.26,-8.54,-8.89,-0.850394,0
165.305,0.0218566,-10.016,0.14715,0.56898,18.48,-4.06,-7.49,-0.850394,0
165.305,3.69388,-9.77076,0.21582,0.71613,12.6,-0.07,-5.18,-0.850394,0
165.305,-3.65017,-9.53532,0.4905,0.83385,6.72,-4.83,-3.78,-0.850394,0
165.305,1.24583,-9.4176,0.67689,0.90252,2.87,-2.94,-3.08,-0.850394,0
165.305,-2.42609,-9.49608,0.74556,0.77499,-3.22,3.57,-2.52,-0.850394,0
165.305,-2.42609,-9.62361,0.94176,0.81423,-5.32,-0.14,-2.24,-0.850394,0
165.305,-3.65017,-9.67266,1.21644,0.86328,-5.11,1.12,-2.03,-0.850394,0
165.305,1.24583,-9.64323,1.44207,0.92214,-4.27,-5.39,-2.8,-0.850394,0
165.472,-8.50234,-9.62361,1.5696,0.92214,-2.38,-3.29,-3.5,-0.850394,0
165.472,-10.9504,-9.59418,1.71675,0.95157,-0.07,-0.42,-4.13,-0.850394,0
165.639,-10.9504,-9.55494,1.80504,0.99081,2.66,-1.61,-5.32,-0.850394,0
165.639,-12.1744,-9.53532,1.73637,1.00062,6.16,-1.26,-6.37,-0.850394,0
165.806,-8.50234,-9.60399,1.68732,0.94176,8.96,-7.35,-6.3,-0.850394,0
165.806,-8.50234,-9.66285,1.60884,0.93195,10.99,-7.77,-3.99,-0.850394,0
165.973,-9.72631,-9.64323,1.57941,0.99081,13.51,1.68,-2.73,-0.850394,0
166.14,-12.1744,-9.55494,1.65789,1.09872,15.26,-3.5,-3.15,-0.850394,0
166.14,-7.32208,-9.54513,1.51074,1.16739,16.1,-7.98,-3.99,-0.850394,0
166.307,-14.6223,-9.50589,1.45188,1.15758,16.59,-5.18,-4.2,-0.850394,0
166.474,-13.3983,-9.43722,1.24587,1.16739,16.17,-2.8,-4.48,-0.850394,0
166.641,-26.8185,-9.32931,1.33416,1.16739,15.47,-1.4,-5.04,-0.850394,0
166.808,-23.1902,-9.21159,1.25568,1.19682,15.19,-2.24,-7,-0.850394,0
167.142,-25.5945,-9.14292,1.06929,1.19682,15.47,-4.06,-8.82,-0.850394,0
167.476,-20.7423,-9.16254,0.90252,1.10853,15.4,-3.5,-9.24,-0.850394,0
167.643,-21.9662,-9.24102,0.80442,1.03986,15.19,6.09,-4.69,-0.850394,0
167.81,-14.6223,-9.27045,1.30473,1.09872,17.29,4.55,-3.78,-0.850394,0
167.977,-14.6223,-9.32931,1.59903,1.08891,20.23,3.08,-2.45,-0.850394,0
167.977,-17.0702,-9.44703,1.85409,1.05948,23.87,2.17,-2.52,-0.850394,0
168.144,-17.0702,-9.50589,1.79523,1.12815,27.86,4.55,-3.64,-0.850394,0
168.478,-24.4142,-9.57456,1.62846,1.11834,31.22,0.91,-4.97,-0.850394,0
168.645,-25.5945,-9.59418,1.31454,1.09872,33.11,4.41,-5.67,-0.850394,0
168.812,-19.5183,-9.57456,1.06929,1.03005,34.23,4.9,-4.69,-0.850394,0
168.979,-8.50234,-9.48627,1.16739,0.89271,34.02,8.54,-2.24,-0.850394,0
169.146,-9.72631,-9.34893,1.08891,0.86328,33.46,-1.4,1.61,-0.850394,0
169.146,-6.09811,-9.28026,1.24587,0.81423,33.6,4.69,3.43,-0.850394,0
169.146,-3.65017,-9.27045,1.53036,0.64746,33.74,3.99,4.06,-0.850394,0
169.313,-3.65017,-9.28026,1.64808,0.55917,34.16,9.87,4.41,-0.850394,0
169.48,-15.8463,-9.32931,1.67751,0.59841,34.37,11.41,3.64,-0.850394,0
169.48,-18.2943,-9.40779,1.62846,0.73575,34.79,7.28,2.38,-0.850394,0
169.814,-19.5183,-9.46665,1.62846,0.74556,35.91,7.42,1.82,-0.850394,0
169.98,-17.0702,-9.57456,1.50093,0.74556,37.38,8.54,1.75,-0.850394,0
170.147,-17.0702,-9.68247,1.30473,0.70632,38.57,5.39,2.31,-0.850394,0
170.147,-2.42609,-9.75114,0.87309,0.6867,39.55,6.72,4.83,-0.850394,0
170.147,7.36579,-9.77076,0.90252,0.62784,40.6,11.97,14.91,-0.850394,0
170.147,7.36579,-9.59418,1.1772,0.63765,42.28,11.41,17.36,-0.850394,0
170.147,6.14182,-9.60399,0.99081,0.47088,44.24,13.86,18.69,-0.850394,0
169.98,9.77002,-9.60399,0.67689,0.2943,44.87,7.98,19.39,-0.850394,0
169.98,1.24583,-9.57456,0.40221,0.17658,43.61,14.28,21.42,-0.850394,0
169.814,9.77002,-9.49608,0.28449,0.10791,41.23,16.87,23.87,-0.850394,0
169.647,20.786,-9.38817,0.16677,0.17658,38.22,14.14,26.81,-0.850394,0
169.48,30.5341,-9.28026,0.20601,0.14715,34.23,13.16,30.59,-0.850394,0
169.146,37.8781,-9.15273,0.28449,0.05886,30.87,21.42,35.28,-0.850394,0
168.645,48.8503,-9.18216,0.25506,-0.03924,22.54,20.93,45.99,-0.850394,0
168.144,54.9703,-9.34893,0.82404,-0.12753,19.95,25.9,48.79,-0.850394,0
167.643,47.6263,-9.95715,1.5696,-0.05886,18.62,24.71,49.28,-0.850394,0
167.309,45.1783,-10.2416,1.80504,-0.17658,17.78,26.25,49.7,-0.850394,0
166.808,40.3261,-10.2809,1.97181,-0.27468,17.22,27.3,48.86,-0.850394,0
166.474,32.9822,-10.0651,1.65789,-0.20601,17.71,28.14,46.55,-0.850394,0
166.307,30.5341,-9.73152,1.21644,-0.1962,18.2,30.17,45.85,-0.850394,0
165.973,34.2062,-9.43722,1.23606,-0.33354,16.73,23.59,47.46,-0.850394,0
165.472,37.8781,-9.25083,1.35378,-0.30411,13.93,23.24,49.63,-0.850394,0
165.138,37.8781,-9.24102,1.75599,-0.32373,11.62,25.76,49,-0.850394,0
164.804,29.3102,-9.40779,1.97181,-0.3924,9.73,25.9,46.48,-0.850394,0
164.637,26.8622,-10.1926,2.03067,-1.0791,8.05,22.89,44.59,-0.850394,0
164.47,20.786,-10.3299,2.40345,-1.21644,5.6,23.24,42.56,-0.850394,0
164.303,6.14182,-10.0945,3.00186,-1.28511,5.18,22.33,38.57,-0.850394,0
164.303,-4.87414,-9.60399,3.40407,-1.31454,8.05,15.4,31.99,-0.850394,0
164.47,-8.50234,-9.07425,3.70818,-1.3734,12.95,14.28,25.97,-0.850394,0
164.637,-15.8463,-8.54451,4.37526,-1.64808,17.99,11.69,21.21,-0.850394,0
164.804,-31.7144,-8.03439,5.03253,-1.83447,24.29,2.87,15.89,-0.850394,0
165.138,-30.4904,-7.68123,5.41512,-1.79523,31.43,0.21,10.08,-0.850394,0
165.639,-54.9266,-7.56351,5.35626,-1.75599,43.26,-4.9,3.22,-0.850394,0
166.14,-53.7025,-7.74009,5.0031,-1.49112,47.81,-10.08,-1.96,-0.850394,0
166.808,-57.3308,-8.38755,5.03253,-1.58922,50.61,-0.49,-3.5,-0.850394,0
167.476,-61.0028,-8.64261,4.10058,-1.50093,52.22,-3.92,-7,-0.850394,0
167.977,-51.2545,-8.89767,3.57084,-1.60884,50.61,-4.76,-5.95,-0.850394,0
168.478,-50.0306,-8.95653,3.91419,-1.87371,47.04,-6.3,-2.45,-0.850394,0
168.812,-26.8185,-8.66223,3.64932,-1.90314,44.03,-3.36,-0.42,-0.850394,0
168.979,-14.6223,-8.37774,3.74742,-1.84428,40.67,1.68,3.22,-0.850394,0
169.146,-12.1744,-8.16192,3.924,-2.21706,37.45,-1.54,7.91,-0.850394,0
169.146,-4.87414,-8.03439,4.01229,-2.44269,32.76,7.35,17.22,-0.850394,0
169.146,-1.20211,-8.11287,4.36545,-2.23668,31.01,4.34,18.2,-0.850394,0
169.146,3.69388,-8.7309,4.69899,-2.11896,33.6,10.29,17.57,-0.850394,0
169.146,1.24583,-8.99577,4.44393,-2.09934,35,6.44,15.61,-0.850394,0
169.146,3.69388,-9.13311,4.16925,-1.99143,35.7,5.18,14.42,-0.850394,0
169.146,0.0218566,-9.17235,3.98286,-1.84428,35.49,6.02,13.79,-0.850394,0
169.146,2.4698,-9.06444,3.84552,-1.63827,34.79,4.13,13.3,-0.850394,0
169.146,4.91785,-8.86824,3.85533,-1.46169,34.23,0.84,13.16,-0.850394,0
169.146,7.36579,-8.67204,3.94362,-1.3734,34.37,1.82,13.02,-0.850394,0
169.146,-1.20211,-8.51508,4.05153,-1.34397,35.49,7.07,12.88,-0.850394,0
169.146,-3.65017,-8.50527,4.15944,-1.33416,37.8,-0.42,11.83,-0.850394,0
169.146,-2.42609,-8.56413,4.29678,-1.34397,39.41,4.9,12.25,-0.850394,0
169.146,-8.50234,-8.71128,4.30659,-1.41264,40.95,12.95,13.09,-0.850394,0
169.146,0.0218566,-8.7309,4.3164,-1.57941,41.86,1.61,13.09,-0.850394,0
169.146,-4.87414,-8.74071,4.2183,-1.71675,42.98,4.83,13.86,-0.850394,0
169.146,0.0218566,-8.77014,4.13001,-1.77561,43.82,1.33,14.07,-0.850394,0
169.146,2.4698,-8.83881,4.13982,-1.7658,44.73,8.05,14.63,-0.850394,0
169.146,4.91785,-9.00558,4.16925,-1.68732,46.06,10.71,14.49,-0.850394,0
169.146,0.0218566,-9.21159,4.17906,-1.64808,47.67,-3.92,13.16,-0.850394,0
169.146,1.24583,-9.34893,4.17906,-1.54017,48.72,4.83,12.74,-0.850394,0
169.146,-1.20211,-9.32931,4.30659,-1.45188,54.32,2.94,11.76,-0.850394,0
169.146,0.0218566,-9.29007,4.58127,-1.64808,57.19,0.7,11.2,-0.850394,0
169.146,0.0218566,-9.24102,4.64994,-1.8639,59.57,-9.73,10.43,-0.850394,0
169.146,-2.42609,-9.32931,4.39488,-2.1582,61.46,-4.83,9.8,-0.850394,0
169.146,1.24583,-9.46665,4.11039,-2.33478,60.97,-8.33,9.38,-0.850394,0
169.146,-2.42609,-9.47646,3.99267,-2.34459,59.01,-10.92,9.31,-0.850394,0
169.146,2.4698,-9.34893,4.13982,-2.26611,58.38,-11.62,8.96,-0.850394,0
169.146,-1.20211,-9.17235,4.23792,-2.19744,59.08,-10.43,7.98,-0.850394,0
168.979,4.91785,-9.01539,4.18887,-2.23668,59.92,-8.33,6.37,-0.850394,0
168.979,14.666,-8.91729,4.01229,-2.39364,60.27,-11.69,6.09,-0.850394,0
168.812,22.0099,-9.2214,4.38507,-2.76642,60.27,-14.98,8.47,-0.850394,0
168.645,6.14182,-8.42679,4.5126,-2.63889,61.6,-18.62,5.95,-0.850394,0
168.478,25.6383,-8.86824,2.83509,-2.60946,63.7,-20.23,-0.56,-0.850394,0
168.144,30.5341,-9.0252,2.70756,-2.81547,58.8,-19.95,4.9,-0.850394,0
167.81,51.2983,-8.81919,2.67813,-2.75661,53.69,-20.58,10.36,-0.850394,0
167.142,64.7184,-8.56413,2.24649,-2.49174,48.37,-21.21,13.86,-0.850394,0
166.474,64.7184,-8.46603,2.36421,-2.51136,42.14,-20.65,18.13,-0.850394,0
165.806,79.3626,-8.26002,2.26611,-2.34459,35.77,-18.69,20.51,-0.850394,0
164.971,80.5866,-8.32869,2.10915,-2.33478,22.54,-18.9,25.97,-0.850394,0
164.136,81.8105,-8.29926,2.78604,-2.42307,17.85,-19.95,24.78,-0.850394,0
163.468,79.3626,-8.28945,2.75661,-2.39364,12.67,-27.16,22.82,-0.850394,0
162.633,79.3626,-8.19135,2.75661,-2.49174,8.61,-24.71,22.4,-0.850394,0
161.965,74.4666,-8.21097,3.07053,-2.58984,3.29,-20.79,21.35,-0.850394,0
161.13,64.7184,-8.1423,3.06072,-2.42307,-1.33,-29.61,17.92,-0.850394,0
160.462,67.1664,-7.99515,3.10977,-2.2563,-4.48,-24.29,15.26,-0.850394,0
159.961,61.0465,-7.83819,3.09996,-2.22687,-7,-24.57,13.3,-0.850394,0
159.293,58.5985,-7.78914,3.39426,-2.22687,-9.94,-27.51,11.97,-0.850394,0
158.626,51.2983,-7.74009,3.2373,-2.0601,-11.9,-27.58,8.05,-0.850394,0
158.125,46.4023,-7.76952,3.3354,-2.02086,-13.44,-19.53,5.88,-0.850394,0
157.791,54.9703,-7.73028,3.03129,-1.84428,-13.16,-23.8,3.22,-0.850394,0
157.29,58.5985,-7.83819,3.0411,-2.03067,-13.93,-20.86,4.06,-0.850394,0
156.789,51.2983,-7.95591,3.37464,-2.14839,-15.19,-14.56,4.69,-0.850394,0
156.288,47.6263,-7.86762,3.14901,-1.87371,-14.91,-10.64,2.8,-0.850394,0
155.787,40.3261,-7.79895,3.07053,-1.93257,-13.58,-11.55,1.61,-0.850394,0
155.453,35.4301,-7.80876,3.21768,-2.11896,-12.67,-14.21,0.42,-0.850394,0
155.119,28.0862,-7.77933,3.1392,-2.07972,-11.9,-18.2,-2.24,-0.850394,0
154.952,22.0099,-7.7499,3.0411,-1.94238,-10.43,-15.82,-4.83,-0.850394,0
154.618,28.0862,-8.21097,2.85471,-2.06991,-10.22,-4.06,-7.42,-0.850394,0
154.284,26.8622,-8.80938,1.49112,-2.4525,-19.46,-11.27,-4.97,-0.850394,0
154.117,8.54605,-8.79957,1.81485,-1.83447,-26.6,-16.38,-2.66,-0.850394,0
154.117,-1.20211,-8.55432,2.41326,-1.67751,-26.95,-10.36,-2.8,-0.850394,0
154.284,-12.1744,-8.55432,2.51136,-1.97181,-25.62,-6.16,-4.55,-0.850394,0
154.284,-18.2943,-8.79957,2.39364,-2.18763,-28.14,-0.63,-4.41,-0.850394,0
154.618,-21.9662,-8.98596,2.69775,-2.13858,-32.69,4.2,-2.52,-0.850394,0
154.952,-40.2824,-9.14292,3.73761,-2.03067,-34.02,13.65,-0.7,-0.850394,0
155.286,-30.4904,-9.20178,4.95405,-2.09934,-30.45,10.92,-2.59,-0.850394,0
155.62,-47.5826,-9.21159,5.82714,-2.30535,-24.15,5.11,-11.9,-0.850394,0
156.121,-40.2824,-9.38817,6.49422,-2.58984,-12.6,3.85,-18.2,-0.850394,0
156.455,-34.1624,-9.09387,4.55184,-2.72718,-10.64,5.81,-18.2,-0.850394,0
156.622,-28.0425,-8.87805,3.8259,-2.79585,-10.85,7.42,-16.59,-0.850394,0
156.956,-18.2943,-8.50527,3.00186,-2.3544,-12.11,7.49,-14,-0.850394,0
157.123,-14.6223,-8.35812,2.68794,-2.1582,-12.74,0.14,-10.29,-0.850394,0
157.123,-9.72631,-8.49546,2.48193,-2.09934,-14.91,0.14,-7.35,-0.850394,0
157.29,-12.1744,-9.03501,2.26611,-1.98162,-18.48,9.38,-3.78,-0.850394,0
157.29,-4.87414,-9.81,2.46231,-1.87371,-25.48,5.53,0.07,-0.850394,0
157.29,-3.65017,-10.4084,3.16863,-1.54017,-33.81,3.85,4.97,-0.850394,0
157.457,3.69388,-10.585,4.07115,-1.13796,-41.79,-4.69,9.94,-0.850394,0
157.457,-2.42609,-10.2515,4.94424,-0.66708,-41.51,-3.64,10.71,-0.850394,0
