timeStamp,timeStampAlign,roll,pitch,yaw,gyro_x,gyro_y,gyro_z,acc_x,acc_y,acc_z,flag_num
1758076889.18416,1758076889.136,0.0,0.0,0.0,-14.09476,6.07335,-10.02676,13.45,0.11,4.14,1.0
1758076889.18534,1758076889.146,0.0,0.0,0.0,-15.41257,7.62034,-9.62569,13.14,0.43,2.87,1.0
1758076889.20108,1758076889.156,0.0,0.0,0.0,-17.6471,9.85487,-8.36518,13.14,0.43,2.87,1.0
1758076889.21762,1758076889.166,0.0,0.0,0.0,-21.94428,11.86023,-6.24524,13.49,1.02,3.72,1.0
1758076889.21885,1758076889.176,0.0,0.0,0.0,-23.54857,13.40721,-5.61499,13.11,1.12,4.03,1.0
1758076889.23338,1758076889.186,0.0,0.0,0.0,-24.00693,16.73037,-5.72958,13.11,1.12,4.03,1.0
1758076889.23433,1758076889.196,0.0,0.0,0.0,-23.49127,18.27736,-6.35983,12.38,0.55,4.48,1.0
1758076889.25011,1758076889.206,0.0,0.0,0.0,-22.34536,15.87093,-7.84952,12.38,0.55,4.48,1.0
1758076889.2661,1758076889.216,0.0,0.0,0.0,-21.37133,11.57375,-8.47978,10.5,0.15,4.21,1.0
1758076889.26731,1758076889.226,0.0,0.0,0.0,-21.14215,5.90147,-8.88085,10.5,0.15,4.21,1.0
1758076889.28212,1758076889.236,0.0,0.0,0.0,-21.7151,-0.68755,-8.93814,8.41,0.11,3.62,1.0
1758076889.29849,1758076889.246,0.0,0.0,0.0,-22.91831,-9.74028,-8.76626,7.03,0.2,3.26,1.0
1758076889.2996,1758076889.256,0.0,0.0,0.0,-24.57989,-15.75634,-8.65166,7.03,0.2,3.26,1.0
1758076889.31434,1758076889.266,0.0,0.0,0.0,-26.24147,-23.0902,-8.02141,6.56,0.22,3.33,1.0
1758076889.31559,1758076889.276,0.0,0.0,0.0,-28.13223,-34.95043,-6.13065,6.56,0.22,3.33,1.0
1758076889.33046,1758076889.286,0.0,0.0,0.0,-28.59059,-40.39353,-4.64096,7.11,-0.15,3.22,1.0
1758076889.34739,1758076889.296,0.0,0.0,0.0,-28.30412,-43.31561,-3.32316,7.11,-0.15,3.22,1.0
1758076889.34828,1758076889.306,0.0,0.0,0.0,-27.67386,-44.00316,-2.46372,8.61,-0.66,3.16,1.0
1758076889.36313,1758076889.316,0.0,0.0,0.0,-26.75713,-42.05511,-2.46372,9.57,-0.66,3.39,1.0
1758076889.36433,1758076889.326,0.0,0.0,0.0,-26.52795,-40.27893,-3.09397,9.57,-0.62,3.39,1.0
1758076889.38115,1758076889.336,0.0,0.0,0.0,-27.04361,-38.1017,-4.35448,9.49,-0.02,3.46,1.0
1758076889.39738,1758076889.346,0.0,0.0,0.0,-28.30412,-36.49741,-5.78687,9.49,-0.02,3.46,1.0
1758076889.39834,1758076889.356,0.0,0.0,0.0,-30.65324,-33.17426,-7.21927,9.31,0.4,3.08,1.0
1758076889.41338,1758076889.366,0.0,0.0,0.0,-32.14294,-30.76784,-7.33386,9.31,0.4,3.08,1.0
1758076889.41463,1758076889.376,0.0,0.0,0.0,-33.63263,-27.67386,-6.58902,9.63,0.31,2.99,1.0
1758076889.43016,1758076889.386,0.0,0.0,0.0,-35.06502,-24.92367,-5.27121,9.63,0.31,2.99,1.0
1758076889.44647,1758076889.396,0.0,0.0,0.0,-36.38282,-19.82434,-2.46372,9.87,-0.01,3.12,1.0
1758076889.44766,1758076889.406,0.0,0.0,0.0,-36.26823,-16.55848,-1.14592,9.68,-0.36,3.06,1.0
1758076889.46243,1758076889.416,0.0,0.0,0.0,-35.63798,-13.5218,-0.34377,9.68,-0.36,3.06,1.0
1758076889.47817,1758076889.426,0.0,0.0,0.0,-34.77854,-11.34457,0.34377,9.34,-0.57,2.71,1.0
1758076889.47942,1758076889.436,0.0,0.0,0.0,-33.34615,-7.84952,0.45837,9.34,-0.57,2.71,1.0
1758076889.4945,1758076889.446,0.0,0.0,0.0,-32.20023,-6.70361,0.40107,9.37,-0.59,2.51,1.0
1758076889.49539,1758076889.456,0.0,0.0,0.0,-31.56997,-5.61499,0.34377,9.37,-0.59,2.51,1.0
1758076889.51017,1758076889.466,0.0,0.0,0.0,-30.53865,-4.18259,0.0,9.25,-0.45,2.22,1.0
1758076889.52742,1758076889.476,0.0,0.0,0.0,-29.96569,-4.18259,-0.11459,9.11,-0.28,2.03,1.0
1758076889.52873,1758076889.486,0.0,0.0,0.0,-30.02299,-3.83882,-0.22918,9.11,-0.28,2.03,1.0
1758076889.54348,1758076889.496,0.0,0.0,0.0,-30.13758,-3.66693,-0.74485,9.09,-0.14,2.07,1.0
1758076889.54478,1758076889.506,0.0,0.0,0.0,-31.39809,-4.29718,-0.80214,9.09,-0.14,2.07,1.0
1758076889.56045,1758076889.516,0.0,0.0,0.0,-32.42941,-5.15662,-0.97403,8.95,-0.07,2.1,1.0
1758076889.5762,1758076889.526,0.0,0.0,0.0,-33.51803,-6.07335,-0.68755,8.95,-0.07,2.1,1.0
1758076889.57741,1758076889.536,0.0,0.0,0.0,-34.60666,-7.44845,-0.51566,8.75,-0.05,2.2,1.0
1758076889.59222,1758076889.546,0.0,0.0,0.0,-36.32552,-9.96947,-0.0573,8.45,-0.08,2.12,1.0
1758076889.60817,1758076889.556,0.0,0.0,0.0,-37.24226,-11.63104,0.0573,8.45,-0.08,2.12,1.0
1758076889.60939,1758076889.566,0.0,0.0,0.0,-37.81522,-12.2613,0.0573,8.33,-0.18,2.05,1.0
1758076889.62434,1758076889.576,0.0,0.0,0.0,-37.75792,-12.43318,0.22918,8.33,-0.18,2.05,1.0
1758076889.62541,1758076889.586,0.0,0.0,0.0,-37.12767,-11.63104,-0.17189,8.36,-0.33,1.83,1.0
1758076889.6405,1758076889.596,0.0,0.0,0.0,-36.21093,-11.80293,-0.51566,8.36,-0.33,1.83,1.0
1758076889.6574,1758076889.606,0.0,0.0,0.0,-35.06502,-12.54778,-0.85944,8.34,-0.52,1.83,1.0
1758076889.65861,1758076889.616,0.0,0.0,0.0,-33.9764,-12.83425,-1.20321,8.34,-0.52,1.83,1.0
1758076889.67345,1758076889.626,0.0,0.0,0.0,-31.85646,-12.204,-2.23454,8.51,-0.67,1.68,1.0
1758076889.67517,1758076889.636,0.0,0.0,0.0,-30.30947,-11.57375,-2.63561,8.67,-0.78,1.53,1.0
1758076889.69247,1758076889.646,0.0,0.0,0.0,-28.76248,-10.71431,-2.86479,8.67,-0.78,1.53,1.0
1758076889.70825,1758076889.656,0.0,0.0,0.0,-26.47065,-9.91217,-2.23454,8.75,-0.8,1.44,1.0
1758076889.70939,1758076889.666,0.0,0.0,0.0,-24.80907,-8.70896,-1.48969,8.75,-0.8,1.44,1.0
1758076889.72418,1758076889.676,0.0,0.0,0.0,-23.37668,-7.21927,-0.74485,8.86,-0.77,1.28,1.0
1758076889.72629,1758076889.686,0.0,0.0,0.0,-22.11617,-5.32851,0.22918,8.86,-0.77,1.28,1.0
1758076889.74128,1758076889.696,0.0,0.0,0.0,-20.68378,-2.34913,1.43239,9.03,-0.65,1.19,1.0
1758076889.75722,1758076889.706,0.0,0.0,0.0,-20.05352,-0.40107,1.94806,9.05,-0.47,1.13,1.0
1758076889.75878,1758076889.716,0.0,0.0,0.0,-20.05352,0.80214,2.06265,9.05,-0.47,1.13,1.0
1758076889.77323,1758076889.726,0.0,0.0,0.0,-20.11082,1.94806,2.06265,9.05,-0.31,1.12,1.0
1758076889.77457,1758076889.736,0.0,0.0,0.0,-20.97026,2.11994,1.43239,9.05,-0.31,1.12,1.0
1758076889.79025,1758076889.746,0.0,0.0,0.0,-21.7151,2.97938,0.74485,9.14,-0.22,1.03,1.0
1758076889.80654,1758076889.756,0.0,0.0,0.0,-22.23076,3.09397,-0.0573,9.14,-0.22,1.03,1.0
1758076889.80742,1758076889.766,0.0,0.0,0.0,-22.57454,2.86479,-0.57296,9.31,-0.25,0.97,1.0
1758076889.8225,1758076889.776,0.0,0.0,0.0,-22.28806,2.23454,-1.20321,9.34,-0.37,0.87,1.0
1758076889.8383,1758076889.786,0.0,0.0,0.0,-21.7724,3.03668,-1.83346,9.34,-0.37,0.87,1.0
1758076889.83976,1758076889.796,0.0,0.0,0.0,-21.02755,4.35448,-2.29183,9.45,-0.5,0.77,1.0
1758076889.85426,1758076889.806,0.0,0.0,0.0,-19.99623,5.32851,-2.63561,9.45,-0.5,0.77,1.0
1758076889.85572,1758076889.816,0.0,0.0,0.0,-18.16276,5.84417,-3.20856,9.27,-0.53,0.82,1.0
1758076889.87022,1758076889.826,0.0,0.0,0.0,-16.84496,6.07335,-3.38045,9.27,-0.53,0.82,1.0
1758076889.88654,1758076889.836,0.0,0.0,0.0,-15.69904,6.18794,-3.66693,9.11,-0.49,0.79,1.0
1758076889.88772,1758076889.846,0.0,0.0,0.0,-14.78231,6.87549,-4.64096,9.11,-0.49,0.79,1.0
1758076889.90223,1758076889.856,0.0,0.0,0.0,-13.69369,8.47978,-5.50039,9.03,-0.47,0.61,1.0
1758076889.91814,1758076889.866,0.0,0.0,0.0,-13.17803,9.05273,-5.84417,9.13,-0.41,0.73,1.0
1758076889.91938,1758076889.876,0.0,0.0,0.0,-13.06344,10.37054,-5.78687,9.13,-0.41,0.73,1.0
